quarter,country_name,default_rate,loss_rate,lgd
2017-Q3,Austria,0.006983056,0.259917726,0.297934065
2017-Q3,Belgium,0.008040783,0.137112553,0.276659486
2017-Q3,Bulgaria,NA,NA,0.396058829
2017-Q3,Croatia,0.066124256,0.194363824,0.381179139
2017-Q3,Cyprus,0.034964245,NA,0.296522561
2017-Q3,Czech,0.007797665,0.318136816,0.328761401
2017-Q3,Denmark,0.006084031,0.162260008,0.227055689
2017-Q3,Estonia,NA,NA,0.416719766
2017-Q3,Finland,0.016695356,0.366357423,0.378191556
2017-Q3,France,0.005988039,0.379402824,0.335033694
2017-Q3,Germany,0.01063766,0.185630494,0.359312211
2017-Q3,Greece,0.048563949,0.158120524,0.39763382
2017-Q3,Hungary,0.008159906,0.364754595,0.398999149
2017-Q3,Ireland,0.016140926,0.200152206,0.352565975
2017-Q3,Italy,0.058783688,0.385539291,0.371842069
2017-Q3,Latvia,0.014671052,0.694160828,0.422713559
2017-Q3,Lithuania,NA,NA,0.419503026
2017-Q3,Luxembourg,0.006439115,0.267100723,0.321062435
2017-Q3,Malta,0.035189741,NA,0.354869358
2017-Q3,Netherlands,0.020153319,0.097754904,0.274246523
2017-Q3,Norway,0.015561655,0.144075845,0.266978017
2017-Q3,Poland,0.011344966,0.366940725,0.327492094
2017-Q3,Portugal,0.02875727,NA,0.40740626
2017-Q3,Romania,NA,NA,0.382398004
2017-Q3,Slovakia,0.02079092,0.610733573,0.40224065
2017-Q3,Slovenia,0.020612658,0.269894902,0.404473246
2017-Q3,Spain,0.031110154,0.323697472,0.344997968
2017-Q3,Sweden,0.001815035,0.174254002,0.291117372
2017-Q3,United Kingdom,0.009038455,0.103006272,0.354656799
2017-Q3,Australia,0.011501144,0.138230711,0.30254456
2017-Q3,Canada,NA,0.116046894,0.358527503
2017-Q3,China,0.002837071,NA,0.463585607
2017-Q3,Hong Kong,0.004861036,NA,0.359398534
2017-Q3,India,0.011802375,0.575423256,0.473214391
2017-Q3,"Korea, Republic Of",NA,NA,0.361107768
2017-Q3,Russian Federation,0.007070166,NA,0.383191692
2017-Q3,Singapore,0.014457411,0.115561508,0.300281758
2017-Q3,Switzerland,0.002284747,0.08243627,0.32926631
2017-Q3,United States,0.007597363,0.181905193,0.320158838
2017-Q4,Austria,0.019537220829489423,0.3159958099511711,0.2973038153601134
2017-Q4,Belgium,0.007618421296425273,0.14486615658028654,0.2776714350687297
2017-Q4,Bulgaria,NA,NA,0.3956529675843251
2017-Q4,Croatia,0.07037529900761576,0.21439542708446394,0.3832451413287827
2017-Q4,Cyprus,NA,NA,0.27965733890376315
2017-Q4,Czech,0.00738235104501488,0.32942100846848665,0.3351458255227724
2017-Q4,Denmark,0.006623541231872741,0.16583607903179046,0.2231369509799264
2017-Q4,Estonia,NA,NA,0.4166464416803457
2017-Q4,Finland,0.008842097012179527,NA,0.3399841570052751
2017-Q4,France,0.00583339540384874,0.3623156789595738,0.3362312424829255
2017-Q4,Germany,0.010033022940771704,0.26391467267168606,0.3579140658116091
2017-Q4,Greece,NA,NA,0.40509956969356115
2017-Q4,Hungary,0.0038658461524591534,0.43413528600969914,0.39830064676143173
2017-Q4,Ireland,0.019958640695947563,0.25865283178779047,0.3406217018650572
2017-Q4,Italy,0.06903441664230464,0.3989473460533174,0.37300569529427
2017-Q4,Latvia,0.018433969843493058,0.5927791027831714,0.42443716353161404
2017-Q4,Lithuania,NA,NA,0.4118670710762553
2017-Q4,Luxembourg,0.007838044906781538,0.3128006401507482,0.3170763915874337
2017-Q4,Malta,NA,NA,0.3387938397211952
2017-Q4,Netherlands,0.0232249182584019,0.08545365761899124,0.2578355380628801
2017-Q4,Norway,0.014465768422234052,0.1327851120670289,0.2661228778982384
2017-Q4,Poland,0.011473342336319007,0.40130087234967254,0.31584444338462553
2017-Q4,Portugal,0.031153315175873615,0.34389009502748547,0.4181065379156018
2017-Q4,Romania,NA,NA,0.3813104415333641
2017-Q4,Slovakia,0.019757808669228816,0.6762334198590294,0.39942391404051847
2017-Q4,Slovenia,0.01940529517968277,0.3264206856950657,0.40687923793088004
2017-Q4,Spain,0.031836540872412195,0.28379845616438165,0.40316547417024573
2017-Q4,Sweden,0.0017670518731758014,0.14844501432141158,0.2508195294830595
2017-Q4,United Kingdom,0.0123656138240527,0.1547571401032087,0.3421339164431248
2017-Q4,Australia,0.006224246654276795,NA,0.3015329203141975
2017-Q4,Canada,0.004608845845273187,0.1809642720317526,0.3559881848359316
2017-Q4,China,NA,NA,0.4777088619092467
2017-Q4,Hong Kong,0.004873786547176589,NA,0.3636165445118422
2017-Q4,India,0.013032820377314453,NA,0.47482427736588523
2017-Q4,"Korea, Republic Of",NA,NA,0.34164514655502615
2017-Q4,Russian Federation,NA,NA,0.3986987298227177
2017-Q4,Singapore,0.012505604232571622,NA,0.31333948757240243
2017-Q4,Switzerland,0.0013961846157473914,NA,0.33812348012569277
2017-Q4,United States,0.005699441793729974,0.28195477445221995,0.3313913436258232
2018-Q1,Austria,0.014786136,0.293980209,0.29603755
2018-Q1,Belgium,0.008103107,0.169872951,0.287837255
2018-Q1,Bulgaria,NA,NA,0.386581581
2018-Q1,Croatia,0.076683490000000007,0.244618052,0.38708733
2018-Q1,Cyprus,0.055575827,0.059812095,0.309109258
2018-Q1,Czech,0.006620742,0.324469184,0.31921963
2018-Q1,Denmark,0.007528648,0.191387943,0.224510902
2018-Q1,Estonia,NA,NA,0.41846088
2018-Q1,Finland,0.012299141,0.277296944,0.362786721
2018-Q1,France,0.007520522,0.382235672,0.345728391
2018-Q1,Germany,0.010249246,0.254292738,0.36191238
2018-Q1,Greece,0.048015548,0.214642678,0.400824056
2018-Q1,Hungary,0.003767756,0.277530903,0.414389997
2018-Q1,Ireland,0.017085236,0.309968914,0.360320453
2018-Q1,Italy,0.065732929,0.419266071,0.371461884
2018-Q1,Latvia,NA,NA,0.420545491
2018-Q1,Lithuania,9.77248e-4,0.210090298,0.417181134
2018-Q1,Luxembourg,0.007541054,0.217684293,0.310726143
2018-Q1,Malta,NA,NA,0.239933761
2018-Q1,Netherlands,0.024869358,0.073524868,0.289633871
2018-Q1,Norway,0.018554543,0.117370957,0.265068248
2018-Q1,Poland,0.01099509,0.396325103,0.324250306
2018-Q1,Portugal,0.019882367,0.353698569,0.415753409
2018-Q1,Romania,0.013148814,0.45739043,0.380278244
2018-Q1,Slovakia,0.021341117,0.705594503,0.399649034
2018-Q1,Slovenia,0.019327211,NA,0.412569585
2018-Q1,Spain,0.029068063,0.229364827,0.403223976
2018-Q1,Sweden,0.002154603,0.204265234,0.254855074
2018-Q1,United Kingdom,0.013013795,0.145722193,0.360874077
2018-Q1,Australia,0.004328549,NA,0.303276509
2018-Q1,Canada,0.005663088,0.234739889,0.353492176
2018-Q1,China,NA,NA,0.478661391
2018-Q1,Hong Kong,0.004376411,NA,0.365241203
2018-Q1,India,0.001970164,NA,0.4526547
2018-Q1,"Korea, Republic Of",NA,NA,0.334510413
2018-Q1,Russian Federation,NA,NA,0.390220116
2018-Q1,Singapore,0.013734941,NA,0.289134294
2018-Q1,Switzerland,0.01966666,0.032214899,0.328195428
2018-Q1,United States,0.005918717,0.27157971,0.324186181
2018-Q2,Austria,0.0154333339,0.3532616785,0.2953868669
2018-Q2,Belgium,0.0084336117,0.1575534221,0.2885192699
2018-Q2,Bulgaria,NA,NA,0.402692485
2018-Q2,Croatia,0.0388270897,0.2532421441,0.3901960273
2018-Q2,Cyprus,0.0969398392,0.2394810896,0.3066253225
2018-Q2,Czech,0.0059606085,0.3507071867,0.3199241544
2018-Q2,Denmark,0.0064578269,0.2078570661,0.2229729129
2018-Q2,Estonia,0.0023030538,NA,0.418131763
2018-Q2,Finland,0.0112329781,0.2344938533,0.3612119765
2018-Q2,France,0.0070844116,0.3484861175,0.3377250393
2018-Q2,Germany,0.0098157074,0.2906322803,0.3633786253
2018-Q2,Greece,0.0388145317,0.25003064,0.3992119953
2018-Q2,Hungary,0.0024308365,0.4224889029,0.4106468159
2018-Q2,Ireland,0.0153233431,0.3028153708,0.349580203
2018-Q2,Italy,0.0646705291,0.4287197745,0.3740422259
2018-Q2,Latvia,0.0106198772,0.148344824,0.4209129119
2018-Q2,Lithuania,0.0013803192,0.1172663124,0.418349175
2018-Q2,Luxembourg,0.0065659585,0.1307963519,0.3084092683
2018-Q2,Malta,2.27582e-5,0.5312987632,0.2531638645
2018-Q2,Netherlands,0.0205701184,0.0891452038,0.2903340077
2018-Q2,Norway,0.0186085198,0.1601020302,0.2673279777
2018-Q2,Poland,0.0106528219,0.3313294129,0.3421127662
2018-Q2,Portugal,0.0212709649,0.3336977077,0.4115098689
2018-Q2,Romania,0.0092214458,NA,0.3878666876
2018-Q2,Slovakia,0.0215692287,0.7488070241,0.3974521657
2018-Q2,Slovenia,0.0103481874,0.4972839343,0.4122848932
2018-Q2,Spain,0.0276316052,0.1634607395,0.3928891157
2018-Q2,Sweden,0.0021441302,0.1630541113,0.2562174044
2018-Q2,United Kingdom,0.0124513853,0.1793886697,0.3635992318
2018-Q2,Australia,0.0044505487,NA,0.2908651191
2018-Q2,Canada,0.0060303682,0.2321379172,0.3506631588
2018-Q2,China,NA,NA,0.4797638267
2018-Q2,Hong Kong,0.0032291553,0.0067863079,0.3721465826
2018-Q2,India,0.0059580146,0.1802022403,0.4476656471
2018-Q2,"Korea, Republic Of",NA,NA,0.346021277
2018-Q2,Russian Federation,NA,NA,0.4024136544
2018-Q2,Singapore,0.0136946725,NA,0.2909119986
2018-Q2,Switzerland,0.0131114596,0.0240408238,0.3223870666
2018-Q2,United States,0.0044988664,0.2509664725,0.3256685324
2018-Q3,Austria,0.014795981,0.364961306,0.297494733
2018-Q3,Belgium,0.008807968,0.173683754,0.284170754
2018-Q3,Bulgaria,NA,NA,0.396180184
2018-Q3,Croatia,0.030373171,0.190606333,0.384608137
2018-Q3,Cyprus,NA,NA,0.327075146
2018-Q3,Czech,0.007454691,0.395456261,0.317207149
2018-Q3,Denmark,0.006321881,0.244030671,0.22236788
2018-Q3,Estonia,NA,NA,0.417111783
2018-Q3,Finland,0.009650172,0.183422977,0.361528804
2018-Q3,France,0.007305875,0.347858017,0.338999425
2018-Q3,Germany,0.011443044,0.321611942,0.365198275
2018-Q3,Greece,0.028325036,0.274420212,0.398641351
2018-Q3,Hungary,0.003012414,0.44945482,0.419311384
2018-Q3,Ireland,0.022205119,0.325832971,0.342019351
2018-Q3,Italy,0.053159369,0.413174338,0.40002506
2018-Q3,Latvia,NA,NA,0.422084298
2018-Q3,Lithuania,0.001843054,0.117149331,0.416998844
2018-Q3,Luxembourg,0.00699496,0.10072528,0.312658785
2018-Q3,Malta,0.123600744,0.232419844,0.260775582
2018-Q3,Netherlands,0.019446797,0.110284146,0.269713198
2018-Q3,Norway,0.016316746,0.189248665,0.263040283
2018-Q3,Poland,0.009485059,0.340323451,0.339813141
2018-Q3,Portugal,0.027613597,0.384198235,0.405464478
2018-Q3,Romania,NA,NA,0.386698829
2018-Q3,Slovakia,0.018027575,0.801802003,0.400769083
2018-Q3,Slovenia,0.007509384,0.26374472,0.402878698
2018-Q3,Spain,0.023434432,0.162256661,0.394503048
2018-Q3,Sweden,0.001912307,0.160047462,0.251610117
2018-Q3,United Kingdom,0.010665976,0.164547738,0.358180918
2018-Q3,Australia,0.005259972,NA,0.290818951
2018-Q3,Canada,0.00342599,0.269894016,0.351940803
2018-Q3,China,NA,NA,0.471193321
2018-Q3,Hong Kong,0.004099271,NA,0.364674739
2018-Q3,India,0.007970783,NA,0.44626092
2018-Q3,"Korea, Republic Of",NA,NA,0.367818258
2018-Q3,Russian Federation,NA,NA,0.408053923
2018-Q3,Singapore,0.00652454,NA,0.295246768
2018-Q3,Switzerland,0.012801552,0.067475127,0.317109392
2018-Q3,United States,0.00433472,0.29609817,0.320867643
2018-Q4,Austria,0.00951503,0.453846269,0.306877807
2018-Q4,Belgium,0.011377357,0.194994104,0.284189739
2018-Q4,Bulgaria,NA,NA,0.402279541
2018-Q4,Croatia,NA,0.172608404,0.382409344
2018-Q4,Cyprus,0.006129179,0.494390766,0.330939151
2018-Q4,Czech,0.007590207,0.403346197,0.328048555
2018-Q4,Denmark,0.006036915,0.255027881,0.209959581
2018-Q4,Estonia,0.003028257,0.245971534,0.419812403
2018-Q4,Finland,0.008199975,0.22588353,0.374941955
2018-Q4,France,0.0071307540000000004,0.368663167,0.351060379
2018-Q4,Germany,0.01010963,0.376733524,0.364370483
2018-Q4,Greece,0.022680244,NA,0.397576739
2018-Q4,Hungary,0.005776533,0.544145268,0.412736626
2018-Q4,Ireland,0.028392958,0.179550466,0.347333285
2018-Q4,Italy,0.053740267,0.446042977,0.36946292
2018-Q4,Latvia,NA,0.327246883,0.424620672
2018-Q4,Lithuania,NA,NA,0.418152317
2018-Q4,Luxembourg,0.004831284,0.03034212,0.323431921
2018-Q4,Malta,NA,NA,0.238440258
2018-Q4,Netherlands,0.017000505,0.12428581,0.266849774
2018-Q4,Norway,0.01468285,0.233912849,0.258060966
2018-Q4,Poland,0.008594214,0.337615479,0.325775415
2018-Q4,Portugal,0.027427595,0.366050261,0.41573533
2018-Q4,Romania,NA,NA,0.379123748
2018-Q4,Slovakia,0.021207988,0.800092678,0.401250169
2018-Q4,Slovenia,0.010554323,0.384619092,0.404974905
2018-Q4,Spain,0.020623714,0.135437826,0.396821781
2018-Q4,Sweden,0.001676422,0.201694181,0.237503437
2018-Q4,United Kingdom,0.008870098,0.163458158,0.363407478
2018-Q4,Australia,NA,NA,0.296538378
2018-Q4,Canada,0.003181288,0.263783,0.358255137
2018-Q4,China,0.002406344,NA,0.471119874
2018-Q4,Hong Kong,NA,NA,0.364182236
2018-Q4,India,0.00592954,NA,0.453934503
2018-Q4,"Korea, Republic Of",NA,NA,0.3712575
2018-Q4,Russian Federation,NA,NA,0.399789787
2018-Q4,Singapore,0.00680829,0.171939541,0.306609104
2018-Q4,Switzerland,0.015676957,NA,0.332213455
2018-Q4,United States,0.002902828,0.368225085,0.324491553
2019-Q1,Austria,0.007646675,NA,0.308752989
2019-Q1,Belgium,0.009785363,0.176857457,0.288369807
2019-Q1,Bulgaria,0.035402436,NA,0.407651723
2019-Q1,Croatia,0.033436222,NA,0.386359025
2019-Q1,Cyprus,0.052410392,NA,0.318448163
2019-Q1,Czech,0.011851514,0.474844426,0.316643964
2019-Q1,Denmark,0.005413475,0.257585289,0.221518063
2019-Q1,Estonia,0.002541298,NA,0.411134774
2019-Q1,Finland,0.007139423,0.237421479,0.35830488
2019-Q1,France,0.007394537,0.294274954,0.351048401
2019-Q1,Germany,0.010810238,0.432077748,0.36573184
2019-Q1,Greece,0.026154167,0.284777587,0.402142654
2019-Q1,Hungary,0.007865812,NA,0.41351066
2019-Q1,Ireland,0.023064925,0.137020819,0.355476291
2019-Q1,Italy,0.054865428,0.410272291,0.368351578
2019-Q1,Latvia,0.002860796,NA,0.424063663
2019-Q1,Lithuania,0.002530428,NA,0.416877235
2019-Q1,Luxembourg,0.003618775,0.162026182,0.330251291
2019-Q1,Malta,0.070299856,0.432863471,0.230462387
2019-Q1,Netherlands,0.017066868,0.134267519,0.267678574
2019-Q1,Norway,0.008302155,0.224658706,0.266977327
2019-Q1,Poland,0.009542676,0.365095073,0.319691136
2019-Q1,Portugal,0.024062644,0.374360476,0.414506005
2019-Q1,Romania,0.00765309,NA,0.387051524
2019-Q1,Slovakia,0.019302688,0.809874964,0.322923889
2019-Q1,Slovenia,0.011784833,NA,0.398964695
2019-Q1,Spain,0.019639865,0.144648044,0.388627187
2019-Q1,Sweden,0.001396809,0.245028699,0.252436264
2019-Q1,United Kingdom,0.009127901,0.164012341,0.362661357
2019-Q1,Australia,0.007535795,NA,0.292654985
2019-Q1,Canada,0.002182977,0.251536812,0.347635418
2019-Q1,China,0.001172452,NA,0.473575286
2019-Q1,Hong Kong,0.002880228,NA,0.364844027
2019-Q1,India,0.007590544,NA,0.44747351
2019-Q1,"Korea, Republic Of",2.72734e-4,NA,0.373786187
2019-Q1,Russian Federation,0.007800397,NA,0.388714366
2019-Q1,Singapore,0.006834663,0.327837157,0.312177691
2019-Q1,Switzerland,0.012806767,0.084456899,0.335637885
2019-Q1,United States,0.003808993,0.273215858,0.319979369
2019-Q2,Austria,0.00814583381718732,0.389218523172608,0.307949207445573
2019-Q2,Belgium,0.0117297358116239,0.195490001511793,0.267698543577177
2019-Q2,Bulgaria,0.0370699902201958,NA,0.410729618969187
2019-Q2,Croatia,0.0525223431750715,NA,0.386338384407287
2019-Q2,Cyprus,0.0237790649567341,NA,0.331138143944236
2019-Q2,Czech,0.011391966289902,0.478590617335498,0.323649065076701
2019-Q2,Denmark,0.00543343417181901,0.242438541385336,0.224416450514004
2019-Q2,Estonia,NA,NA,0.41526972927406
2019-Q2,Finland,0.00530612107503373,0.199973222654383,0.357501968587742
2019-Q2,France,0.00993716099056065,0.285250204546056,0.352744460763896
2019-Q2,Germany,0.0107695031946387,0.410067962114636,0.366978279047788
2019-Q2,Greece,0.0325733068774137,NA,0.388971899275717
2019-Q2,Hungary,0.0125692621684349,0.474956390425347,0.419154420046849
2019-Q2,Ireland,0.0441108726640199,0.462203567785772,0.343685937007915
2019-Q2,Italy,0.0438788455774839,0.454331441731741,0.384460523849468
2019-Q2,Latvia,0.0135449802640128,0.124183634092049,0.424589245885538
2019-Q2,Lithuania,NA,NA,0.417252259453828
2019-Q2,Luxembourg,0.0023663362666517,0.139328828216657,0.332766190618772
2019-Q2,Malta,0.117024428893708,0.0947714988582351,0.243053124773196
2019-Q2,Netherlands,0.0174394413093727,0.162748859254714,0.272586918765951
2019-Q2,Norway,0.0100944056792012,0.254125383996716,0.265600258686458
2019-Q2,Poland,0.011170190631486,0.273169204939482,0.330199636144968
2019-Q2,Portugal,0.0204579740554773,0.418850981281344,0.413417698288369
2019-Q2,Romania,0.0134480721420726,0.368120182263272,0.390927023877832
2019-Q2,Slovakia,0.0196333869496994,0.81151648531679,0.321487127634116
2019-Q2,Slovenia,0.0147939923309983,NA,0.403622084528635
2019-Q2,Spain,0.017436899519008,0.16120579700821,0.400501448115353
2019-Q2,Sweden,0.00208401036411167,0.219139312569875,0.250040884855277
2019-Q2,United Kingdom,0.0113269894466968,0.140910727438101,0.364390276069025
2019-Q2,Australia,0.00620328957873375,NA,0.291201876597065
2019-Q2,Canada,0.00324294008188958,NA,0.35175196868111003
2019-Q2,China,0.00106327608396238,NA,0.472916054512303
2019-Q2,Hong Kong,0.00236069310887731,NA,0.364344251798764
2019-Q2,India,0.00861467107631065,NA,0.438392408390052
2019-Q2,"Korea, Republic Of",0.00113054632014134,NA,0.375523872694042
2019-Q2,Russian Federation,0.0109326520383435,NA,0.396676514644296
2019-Q2,Singapore,0.00734089708870011,NA,0.325144515292151
2019-Q2,Switzerland,0.012428284635905,0.365455094890762,0.335371626995264
2019-Q2,United States,0.0037896373241437,0.231233378369531,0.321229919381993
2019-Q3,Austria,0.0091384502,0.2958530076,0.309555571
2019-Q3,Belgium,0.0132170737,0.2004309444,0.2642083679
2019-Q3,Bulgaria,0.0343321899,NA,0.4133503377
2019-Q3,Croatia,0.0302251146,NA,0.3902956822
2019-Q3,Cyprus,NA,NA,0.3379856738
2019-Q3,Czech,0.0102795346,0.466294612,0.3306261163
2019-Q3,Denmark,0.005884432,0.2184239144,0.2237597837
2019-Q3,Estonia,0.0016642871,NA,0.4147451927
2019-Q3,Finland,0.0049875801,NA,0.354786839
2019-Q3,France,0.0107061102,0.2783438285,0.3506561549
2019-Q3,Germany,0.0097226762,0.3903782758,0.3667836928
2019-Q3,Greece,0.0225946918,NA,0.3778325023
2019-Q3,Hungary,0.0123015289,0.5473302744,0.4206695092
2019-Q3,Ireland,0.0391145984,0.4720948487,0.3388042426
2019-Q3,Italy,0.0316156686,0.4140739255,0.3824318658
2019-Q3,Latvia,NA,NA,0.4271067001
2019-Q3,Lithuania,0.0012911046,NA,0.4159630914
2019-Q3,Luxembourg,0.0026921049,0.113608708,0.3343590921
2019-Q3,Malta,0.049212142,NA,0.2404891258
2019-Q3,Netherlands,0.0183903058,0.1469116586,0.2737936074
2019-Q3,Norway,0.0061382131,0.1459798014,0.2636424941
2019-Q3,Poland,0.0114496751,0.2764058954,0.3346274912
2019-Q3,Portugal,0.018050297,0.2803939405,0.4129002749
2019-Q3,Romania,0.012207758,0.4311761995,0.3905530439
2019-Q3,Slovakia,0.0215564175,0.8010323139,0.4006394201
2019-Q3,Slovenia,0.0082011337,NA,0.4060311547
2019-Q3,Spain,0.0196511668,0.3419838682,0.3912689153
2019-Q3,Sweden,0.0038883104,0.2577877981,0.2497175799
2019-Q3,United Kingdom,0.011808552,0.1449618856,0.3584163043
2019-Q3,Australia,0.0047337939,NA,0.2866618896
2019-Q3,Canada,0.0039094341,NA,0.350895524
2019-Q3,China,0.0014554419,NA,0.4845381032
2019-Q3,Hong Kong,0.0016812487,0.0326935715,0.364355279
2019-Q3,India,0.0072773023,NA,0.4455124919
2019-Q3,"Korea, Republic Of",0.0011654517,NA,0.3923248383
2019-Q3,Russian Federation,0.0036988601,NA,0.387836519
2019-Q3,Singapore,0.0040384074,NA,0.3256860264
2019-Q3,Switzerland,0.0104360858,0.0577918273,0.334228624
2019-Q3,United States,0.0049241575,0.2101523416,0.314606877
2019-Q4,Austria,0.0064984185019133335,0.2937275120526091,0.3094302948402949
2019-Q4,Belgium,0.014605266478607413,0.20890206864820382,0.2625003049075734
2019-Q4,Bulgaria,0.03148495379333655,0.5807546568414643,0.4182814273137787
2019-Q4,Croatia,0.029500843029194895,NA,0.3916368860198485
2019-Q4,Cyprus,0.04895895227898213,0.6730871596293646,0.32838574697815975
2019-Q4,Czech,0.009025191769337372,0.47247168188694383,0.32556267042372156
2019-Q4,Denmark,0.005952449641899883,0.1885588205879566,0.217517324335379
2019-Q4,Estonia,0.0026509200720132827,0.2798308606355225,0.41881209661971186
2019-Q4,Finland,0.007524987529633422,0.16637572558570593,0.35392841615489845
2019-Q4,France,0.010856847278711097,0.2608531665134044,0.3463115639308488
2019-Q4,Germany,0.008375472748439501,0.3469680208210436,0.3680770156672355
2019-Q4,Greece,0.020154642101604354,NA,0.38396606592564175
2019-Q4,Hungary,0.007648952884963004,0.5728285998761613,0.42003105529296897
2019-Q4,Ireland,0.0382073152175653,0.5703361547315108,0.3118806696536639
2019-Q4,Italy,0.013779841395418671,0.2973361502829666,0.3852774671566557
2019-Q4,Latvia,NA,NA,0.42628373758991456
2019-Q4,Lithuania,0.0029805489002237466,NA,0.41668627328607316
2019-Q4,Luxembourg,0.004161827468521544,0.05241165032162732,0.3428867779550612
2019-Q4,Malta,0.2942436252502227,0.22944936569359448,0.21912888951317186
2019-Q4,Netherlands,0.01733584369437022,0.15564873499202217,0.2612749282598807
2019-Q4,Norway,0.012195370355314268,0.20027771416565948,0.2672269046401974
2019-Q4,Poland,0.01523033760783889,0.2662055571847984,0.37120642414627886
2019-Q4,Portugal,0.015980818461869425,0.23035883316334985,0.41017929480514154
2019-Q4,Romania,0.011360660121477274,NA,0.40119312366565824
2019-Q4,Slovakia,0.021388052524760084,0.7771993990824453,0.40352837841384565
2019-Q4,Slovenia,0.00859654426157778,NA,0.299068211502174
2019-Q4,Spain,0.018244924695855695,0.35452238602588104,0.38854058459154167
2019-Q4,Sweden,0.003324830035529304,0.28695389771684454,0.24760026995309992
2019-Q4,United Kingdom,0.012673591746167095,0.10922437166352258,0.3482823177498646
2019-Q4,Australia,0.0263656447011929,NA,0.28193118395849864
2019-Q4,Canada,0.0034274385334991564,NA,0.34719332808454256
2019-Q4,China,0.0015594739142382227,0.13418179373906403,0.4772830971183783
2019-Q4,Hong Kong,0.0017236465990657188,NA,0.3608692952035916
2019-Q4,India,0.015516610537007952,NA,0.4395945784532298
2019-Q4,"Korea, Republic Of",0.0012386218863385933,NA,0.37050535114528205
2019-Q4,Russian Federation,1.7057533134607998e-4,NA,0.3814392166211528
2019-Q4,Singapore,0.003140778651775322,0.5016543927335145,0.2959460424009379
2019-Q4,Switzerland,0.006439032025051639,0.1042927923923066,0.3237666965981947
2019-Q4,United States,0.006242581271186764,0.19263394336553627,0.29542266329770017
2020-Q1,Austria,0.0084734840506805,0.3072425562985084,0.31208648391207017
2020-Q1,Belgium,0.014514628943101772,0.2008058654586326,0.2635828050232546
2020-Q1,Bulgaria,0.01743652422822967,NA,0.4217232664147649
2020-Q1,Croatia,0.02953454802927821,NA,0.39334159944379654
2020-Q1,Cyprus,0.011866038163900774,NA,0.3390352436368271
2020-Q1,Czech,0.0050542301637652685,0.34206347982820784,0.3284895248287218
2020-Q1,Denmark,0.006565265436228036,0.1541791945453722,0.22474377550293406
2020-Q1,Estonia,0.0025981163767892306,0.2248406950533638,0.41244916382801766
2020-Q1,Finland,0.010241393986285917,0.20314593733099676,0.35416294302847234
2020-Q1,France,0.011043177534337534,0.26340069481768025,0.35202174741121733
2020-Q1,Germany,0.00801362737692933,0.2912586959841779,0.36939545113094546
2020-Q1,Greece,0.02124760189687349,0.15709658720612754,0.40328839934205785
2020-Q1,Hungary,0.0050443265681050994,NA,0.425511503666963
2020-Q1,Ireland,0.034195114480710234,0.5863712453307477,0.330322010771142
2020-Q1,Italy,0.01177960574649355,0.273735323491616,0.3839100188728017
2020-Q1,Latvia,NA,NA,0.4282392749824575
2020-Q1,Lithuania,NA,NA,0.41734931750288473
2020-Q1,Luxembourg,0.00508339708326693,0.05052993339949663,0.33905247933425947
2020-Q1,Malta,0.043792005642809766,NA,0.24069933667106377
2020-Q1,Netherlands,0.016822779910539844,0.14594070212227025,0.272961280324582
2020-Q1,Norway,0.012741666752969455,0.22019659611279077,0.27131288891257926
2020-Q1,Poland,0.012706456352684617,0.27163616820648306,0.3763581220765288
2020-Q1,Portugal,0.022347282844909833,0.2504576552601617,0.41079591407594457
2020-Q1,Romania,0.03475647837869904,NA,0.40192485490666774
2020-Q1,Slovakia,0.023866563545095053,0.7848485857188701,0.40645501424709796
2020-Q1,Slovenia,0.009332663341922467,NA,0.40087932632545786
2020-Q1,Spain,0.019221570748232317,0.3366946520135952,0.38883336219875625
2020-Q1,Sweden,0.0036701608116667724,0.2757224777024695,0.24889773608316978
2020-Q1,United Kingdom,0.011380313543581617,0.11503814137734829,0.3564737777773938
2020-Q1,Australia,0.007358523123438981,NA,0.29941689992006404
2020-Q1,Canada,0.004704791911719932,NA,0.3577567512185785
2020-Q1,China,0.024781162267784165,NA,0.4823333630955618
2020-Q1,Hong Kong,0.002263771742004692,0.10026417856189429,0.36189404787121837
2020-Q1,India,0.023229200514049947,NA,0.4516759623368369
2020-Q1,"Korea, Republic Of",0.001419301979325908,NA,0.37615626529641516
2020-Q1,Russian Federation,0.005327957637450811,NA,0.39229156782345365
2020-Q1,Singapore,0.012047093387351868,0.5552410285993383,0.3200028400654204
2020-Q1,Switzerland,0.017639348890530072,0.031446134390595244,0.325826026222158
2020-Q1,United States,0.005377429715136927,0.2722568171772724,0.3020320145990096
2020-Q2,Austria,0.0083203948,0.2108955227,0.3083679088
2020-Q2,Belgium,0.0155784108,0.242767489,0.2664271018
2020-Q2,Bulgaria,0.0121932518,NA,0.4180359885
2020-Q2,Croatia,0.0227086332,NA,0.3977353365
2020-Q2,Cyprus,0.0939198123,NA,0.3352586013
2020-Q2,Czech,0.0063923496,0.3576372399,0.3218119121
2020-Q2,Denmark,0.0067852477,0.1724804708,0.2300042598
2020-Q2,Estonia,0.0055666949,0.2693910505,0.4135353858
2020-Q2,Finland,0.0133354756,0.1613118708,0.3526140828
2020-Q2,France,0.0089371397000000009,0.2926789085,0.3498655358
2020-Q2,Germany,0.0100335881,0.3566478276,0.3621430071
2020-Q2,Greece,0.0375214191,NA,0.402244074
2020-Q2,Hungary,0.0065066273,0.6279173941,0.423555532
2020-Q2,Ireland,0.0182881166,0.1954976437,0.3204119158
2020-Q2,Italy,0.010092053,0.2550672891,0.3823475567
2020-Q2,Latvia,0.0268196875,0.1663637791,0.4206731724
2020-Q2,Lithuania,0.0166846423,NA,0.4149915676
2020-Q2,Luxembourg,0.0042755797,0.09540902,0.3338061563
2020-Q2,Malta,0.159902835,0.4863389426,0.2520411934
2020-Q2,Netherlands,0.0184874939,0.1341544074,0.2681652454
2020-Q2,Norway,0.0115909415,0.2359011499,0.2714443595
2020-Q2,Poland,0.0117104495,0.2949530973,0.376493062
2020-Q2,Portugal,0.0231898434,0.2461715185,0.4128744976
2020-Q2,Romania,0.0292912549,0.7234427153,0.4083546175
2020-Q2,Slovakia,0.0236764764,0.7567046431,0.406129716
2020-Q2,Slovenia,0.0069000341,0.2899299613,0.4008660906
2020-Q2,Spain,0.0193695271,0.3121970801,0.3854246337
2020-Q2,Sweden,0.0039957546,0.358237311,0.2475431171
2020-Q2,United Kingdom,0.0106925399,0.1090263253,0.3562673056
2020-Q2,Australia,0.0188221393,0.1938372512,0.2848397443
2020-Q2,Canada,0.0045446351,0.223459865,0.3487582158
2020-Q2,China,0.0053231359,NA,0.4735206465
2020-Q2,Hong Kong,0.004468564,0.1693847869,0.3578388063
2020-Q2,India,0.0138688991,NA,0.4470468497
2020-Q2,"Korea, Republic Of",NA,NA,0.358434126
2020-Q2,Russian Federation,0.0317012412,NA,0.3900315131
2020-Q2,Singapore,0.0237288645,0.5164064395,0.3168871676
2020-Q2,Switzerland,0.0154101298,0.0205721594,0.3261905947
2020-Q2,United States,0.0091955604,0.1879509635,0.2980314625
2020-Q3,Austria,0.0083472134,0.2169457566,0.3369948551
2020-Q3,Belgium,0.0145378213,0.2576806873,0.2681266214
2020-Q3,Bulgaria,0.0100110789,NA,0.4244549396
2020-Q3,Croatia,0.0198098641,NA,0.4057897805
2020-Q3,Cyprus,0.1697737721,NA,0.3562181352
2020-Q3,Czech,0.0070405674,0.4915879063,0.3259610698
2020-Q3,Denmark,0.006395255,0.186150491,0.2233798644
2020-Q3,Estonia,0.0051503057,0.318684627,0.4141660443
2020-Q3,Finland,0.0149365556,0.1654856527,0.3527174303
2020-Q3,France,0.0092277327,0.2706071916,0.343526112
2020-Q3,Germany,0.0091462073,0.3292589633,0.3657009353
2020-Q3,Greece,NA,NA,0.4047946315
2020-Q3,Hungary,0.016350273,0.639864541,0.4259979423
2020-Q3,Ireland,0.0182935993,0.2097163151,0.3031081674
2020-Q3,Italy,0.0084582337,0.2615958424,0.3756688065
2020-Q3,Latvia,0.0467651178,0.1764742693,0.4162970236
2020-Q3,Lithuania,NA,NA,0.4123901123
2020-Q3,Luxembourg,0.0095752315,0.1271226097,0.3197091329
2020-Q3,Malta,0.5688032408,0.510206919,0.2473345105
2020-Q3,Netherlands,0.0158441813,0.134323204,0.2711860195
2020-Q3,Norway,0.0170069385,0.2534959031,0.2698811303
2020-Q3,Poland,0.0101852822,0.3109882294,0.3713875984
2020-Q3,Portugal,0.0173167857,0.3129926651,0.3946133362
2020-Q3,Romania,0.0306530615,NA,0.4039389792
2020-Q3,Slovakia,0.0229504566,0.7611799815,0.4040827626
2020-Q3,Slovenia,0.0156483149,0.6286417538,0.4039681757
2020-Q3,Spain,0.0158805855,0.1964953303,0.3874281248
2020-Q3,Sweden,0.0028579634,0.3372949526,0.2480745661
2020-Q3,United Kingdom,0.011696777,0.1093478336,0.3507590516
2020-Q3,Australia,0.0150337375,NA,0.2811369411
2020-Q3,Canada,0.0052611421,0.2226839253,0.3457694093
2020-Q3,China,0.0029744353,NA,0.4649622979
2020-Q3,Hong Kong,0.0053356034,0.145508344,0.3618507055
2020-Q3,India,0.0297178324,NA,0.4450376864
2020-Q3,"Korea, Republic Of",NA,NA,0.3570506258
2020-Q3,Russian Federation,0.001902445,NA,0.3858563502
2020-Q3,Singapore,0.0419829084,0.4894696562,0.3083611155
2020-Q3,Switzerland,0.0122414145,0.0930772005,0.3210107468
2020-Q3,United States,0.0100737025,0.1935072091,0.2903375031
2020-Q4,Austria,0.012889566685291181,0.40838428654310327,0.3368645675459674
2020-Q4,Belgium,0.015294080325497873,0.2003413227644762,0.2695305108617197
2020-Q4,Bulgaria,0.016948342566998956,NA,0.4434014873305144
2020-Q4,Croatia,0.016443153649282012,NA,0.4048650148424125
2020-Q4,Cyprus,0.05050701207370744,NA,0.3354187754070044
2020-Q4,Czech,0.010821711668490755,0.5220204690517106,0.32900225574465697
2020-Q4,Denmark,0.00696133356788519,0.17937884838714535,0.22224193455485539
2020-Q4,Estonia,0.007667555114639678,NA,0.4145014874791262
2020-Q4,Finland,0.01684450363066262,0.1474244681630996,0.34135011502495033
2020-Q4,France,0.009005774555806409,0.2624657352039636,0.3453211452169783
2020-Q4,Germany,0.008515137799365942,0.3449427950408721,0.36353449568598406
2020-Q4,Greece,NA,NA,0.4057058603362938
2020-Q4,Hungary,0.02000792587376469,0.6776334145017501,0.42560872552035717
2020-Q4,Ireland,0.018805784781485303,0.247037024572902,0.31280468008546247
2020-Q4,Italy,0.006875633538553718,0.2798349481609293,0.3706469391934491
2020-Q4,Latvia,0.11640340019484952,NA,0.4171804516778407
2020-Q4,Lithuania,0.02538622013594875,0.7106183891862252,0.41557712561257865
2020-Q4,Luxembourg,0.01054557302065798,0.24081605103425843,0.33485070528330707
2020-Q4,Malta,0.08785904109285073,0.21776685871007642,0.24968758554234774
2020-Q4,Netherlands,0.015404700362997134,0.14087775804328925,0.2706177778783155
2020-Q4,Norway,0.01609323574157609,0.24376144252268558,0.4765457203051921
2020-Q4,Poland,0.008097493106859623,0.330343349858647,0.3713176189845794
2020-Q4,Portugal,0.015414826667781817,0.3486924500350714,0.3980284873809005
2020-Q4,Romania,0.03568486366916587,NA,0.4095025131314965
2020-Q4,Slovakia,0.022399250009875617,0.7603434904511598,0.4040033634483594
2020-Q4,Slovenia,0.012666641726922247,NA,0.4018196733116369
2020-Q4,Spain,0.014157709348738362,0.20344145145607037,0.3867148846052804
2020-Q4,Sweden,0.0025477430818172642,0.3081747814249864,0.2454565934290437
2020-Q4,United Kingdom,0.011809814357691857,0.11210290477563184,0.3508497327847802
2020-Q4,Australia,0.01625054248491438,NA,0.28106163075002794
2020-Q4,Canada,0.006402474198064099,0.15915493118249743,0.34355453548276244
2020-Q4,China,0.004711743956468283,NA,0.4724694465137272
2020-Q4,Hong Kong,0.007302111541389542,0.1937183189950166,0.36049535377363867
2020-Q4,India,0.02859837392964055,0.031494769392874676,0.44172927379881377
2020-Q4,"Korea, Republic Of",7.900270824219819e-4,NA,0.3751455624510067
2020-Q4,Russian Federation,0.0017585743893119433,NA,0.3940244609498509
2020-Q4,Singapore,0.02227800460894977,0.5497910707651724,0.315743590800379
2020-Q4,Switzerland,0.016171388946936906,0.06268227153325615,0.31773705064650504
2020-Q4,United States,0.01129145422336331,0.16675583468341243,0.2939205857496703
2021-Q1,Austria,0.0135548661,0.378791132,0.3375543132
2021-Q1,Belgium,0.0150255621,0.2136219937,0.2685001324
2021-Q1,Bulgaria,0.0262572052,NA,0.4336036987
2021-Q1,Croatia,NA,NA,0.4077228943
2021-Q1,Cyprus,NA,NA,0.3140337076
2021-Q1,Czech,0.0116166448,0.4109812017,0.3190740875
2021-Q1,Denmark,0.0078570891,0.1893150168,0.2158982459
2021-Q1,Estonia,NA,NA,0.4134978779
2021-Q1,Finland,0.0154223272,0.1643810737,0.3514956844
2021-Q1,France,0.0082295107,0.1911810107,0.3502825485
2021-Q1,Germany,0.0068059529,0.313037758,0.3616084471
2021-Q1,Greece,0.0274149868,0.3797988842,0.4025153919
2021-Q1,Hungary,0.0214137285,0.6305201453,0.4293479066
2021-Q1,Ireland,0.0281032953,0.217935983,0.2870231736
2021-Q1,Italy,0.0057792666,0.270669262,0.3673964901
2021-Q1,Latvia,0.0798601725,0.2134875296,0.4169480159
2021-Q1,Lithuania,NA,NA,0.4169621439
2021-Q1,Luxembourg,0.0066545537,0.0703365192,0.3129596318
2021-Q1,Malta,NA,NA,0.2326820002
2021-Q1,Netherlands,0.017708045,0.133074854,0.2610294875
2021-Q1,Norway,0.0152807163,0.2599735186,0.2627673429
2021-Q1,Poland,0.0063231956,0.3681786907,0.3511606422
2021-Q1,Portugal,0.0095265043,0.370708022,0.3995975871
2021-Q1,Romania,0.0117351863,NA,0.4094472253
2021-Q1,Slovakia,0.0231032194,0.714533711,0.406230863
2021-Q1,Slovenia,0.0118342548,NA,0.4050266414
2021-Q1,Spain,0.0153636559,0.2332438196,0.4016441203
2021-Q1,Sweden,0.0020454268,0.35097318,0.2419234583
2021-Q1,United Kingdom,0.0158247287,0.1873734362,0.3387741663
2021-Q1,Australia,0.0062518142,NA,0.2043807549
2021-Q1,Canada,0.0111770396,NA,0.2995834221
2021-Q1,China,NA,NA,0.4445903569
2021-Q1,Hong Kong,0.1075623133,NA,0.3369762597
2021-Q1,India,0.017689494,NA,0.4188272905
2021-Q1,"Korea, Republic Of",NA,NA,0.3976524059
2021-Q1,Russian Federation,NA,NA,0.3896781379
2021-Q1,Singapore,NA,NA,0.2775172816
2021-Q1,Switzerland,0.0095793677,NA,0.3133983608
2021-Q1,United States,0.0083962056,0.2293953043,0.284974412
2021-Q2,Austria,0.013952918738474901,0.35838922886612085,0.3430224794716468
2021-Q2,Belgium,0.01686555129963236,0.15358282432492007,0.26867154795952064
2021-Q2,Bulgaria,0.033769390225047144,NA,0.5072599316432356
2021-Q2,Croatia,0.010151694294744135,NA,0.40736183706617385
2021-Q2,Cyprus,0.00525958914819561,0.315490998462137,0.3062773267017675
2021-Q2,Czech,0.011557716256459979,0.35581603443617266,0.33199479057002157
2021-Q2,Denmark,0.007821799711222623,0.1649222745057308,0.22452947393518397
2021-Q2,Estonia,0.010690689303473819,NA,0.41155059831045987
2021-Q2,Finland,0.014599280159082805,0.1447782613243475,0.35213463476437457
2021-Q2,France,0.007979993766063983,0.19520484340393138,0.34424994156813654
2021-Q2,Germany,0.005404254078156013,0.2640486432775619,0.3693787168553209
2021-Q2,Greece,0.009335080187757907,0.5069774726260291,0.3913207141435732
2021-Q2,Hungary,0.019695848324795533,0.5730471796379414,0.4346905715086958
2021-Q2,Ireland,0.020662127732530528,0.1635293421521987,0.2828423581443994
2021-Q2,Italy,0.0048873128008320625,0.2821806252490424,0.3709039496830773
2021-Q2,Latvia,0.06770025219117354,NA,0.41713793782887404
2021-Q2,Lithuania,0.021097512025894643,0.6986043935330793,0.41218041022486884
2021-Q2,Luxembourg,0.007831665165054996,0.07764106037730045,0.3081476534715896
2021-Q2,Malta,5.612130573894329e-4,NA,0.20736767300275286
2021-Q2,Netherlands,0.01285530466857405,0.12256302802939442,0.2689562259930145
2021-Q2,Norway,0.010340759469675193,0.3064993960199967,0.26842985678887227
2021-Q2,Poland,0.00465714626616235,0.36861064162054347,0.3673473477678677
2021-Q2,Portugal,0.008697023570960683,0.367223249369997,0.4019771569659741
2021-Q2,Romania,0.012750351291787292,0.4221954415653631,0.4093660037160584
2021-Q2,Slovakia,0.014971379470163016,0.6636776816473086,0.3930671220696493
2021-Q2,Slovenia,0.04378542697795676,NA,0.3983061470851547
2021-Q2,Spain,0.018928019379204734,0.20893755322626162,0.4122809546359446
2021-Q2,Sweden,0.0011412894276492938,0.2105021910813592,0.24423809769461485
2021-Q2,United Kingdom,0.013086813763431814,0.26068256771157633,0.34472739939357655
2021-Q2,Australia,0.005609890216967986,NA,0.20429074784753085
2021-Q2,Canada,NA,NA,0.29582979047808655
2021-Q2,China,0.011910686286672242,NA,0.43521734055410927
2021-Q2,Hong Kong,0.011775785407792987,NA,0.3204770550393044
2021-Q2,India,NA,NA,0.3958588377145008
2021-Q2,"Korea, Republic Of",NA,NA,0.40244492396255294
2021-Q2,Russian Federation,0.009730254288592526,NA,0.399061129769631
2021-Q2,Singapore,NA,NA,0.27757752882994446
2021-Q2,Switzerland,0.006903463226362121,NA,0.307520435774959
2021-Q2,United States,0.00899824613702633,0.17207935771720353,0.2716593699907702
2021-Q3,Austria,0.010961878929395286,0.4101928209622564,0.34145954990513555
2021-Q3,Belgium,0.01757690789614693,0.1661584921696056,0.26734354611062316
2021-Q3,Bulgaria,0.03944634863497909,NA,0.44352821291085964
2021-Q3,Croatia,0.009038700982885688,NA,0.408339248089342
2021-Q3,Cyprus,0.002468991709891561,NA,0.3065415805827302
2021-Q3,Czech,0.010600357358481291,0.3718667105689035,0.335232283568949
2021-Q3,Denmark,0.007201255187255357,0.1602269015805441,0.22330180422040447
2021-Q3,Estonia,NA,NA,0.41503027422893085
2021-Q3,Finland,0.01439776422616915,NA,0.35053614852791776
2021-Q3,France,0.006720785655662756,0.21138957762946253,0.34256063023716654
2021-Q3,Germany,0.005193986070442882,0.3019842070831554,0.3642249213975398
2021-Q3,Greece,0.010439102668654629,NA,0.3893907340624006
2021-Q3,Hungary,0.010982732855425585,0.335077393234508,0.42831463701131467
2021-Q3,Ireland,0.02606542730105047,0.2304442974352156,0.2756292773201764
2021-Q3,Italy,0.0059622159388982065,0.25115489229231563,0.36403554380142084
2021-Q3,Latvia,NA,NA,0.41717858104761957
2021-Q3,Lithuania,0.026662776379517895,0.7024194582085486,0.4146433832413867
2021-Q3,Luxembourg,0.00537279789778717,0.1168914051191917,0.29964309698071695
2021-Q3,Malta,0.20390567712618812,NA,0.20186950488261554
2021-Q3,Netherlands,0.011512752296319902,0.12226030427818173,0.2698152415741511
2021-Q3,Norway,0.010917651622159614,NA,0.2694513496070417
2021-Q3,Poland,0.005597451226195788,0.2907130041547476,0.3650058642682164
2021-Q3,Portugal,0.010214490374481102,0.3813190734035147,0.40073581396738983
2021-Q3,Romania,0.009710334148252495,0.4516190161253124,0.4040849337196328
2021-Q3,Slovakia,0.014528762464041499,0.5462067698112893,0.3932599998723685
2021-Q3,Slovenia,0.0016472914691547163,NA,0.4015423573651645
2021-Q3,Spain,0.021784542366248105,0.20188254555439072,0.41262313210190393
2021-Q3,Sweden,0.0010951955480948635,0.1866752975644121,0.24695706993234623
2021-Q3,United Kingdom,0.010281313960368245,0.24009698828619203,0.349019697398079
2021-Q3,Australia,0.0107118785325541,0.07506734115735028,0.20633251046138523
2021-Q3,Canada,NA,NA,0.2882024112890164
2021-Q3,China,0.02028135942301347,NA,0.44507630870910664
2021-Q3,Hong Kong,0.005055717625494631,NA,0.3241789160704173
2021-Q3,India,NA,NA,0.40029434908546135
2021-Q3,"Korea, Republic Of",NA,NA,0.4039906387509888
2021-Q3,Russian Federation,0.001360872298152729,NA,0.39059601113240927
2021-Q3,Singapore,NA,NA,0.2782134432627355
2021-Q3,Switzerland,0.004394770205801533,0.08443329557860887,0.30625966671718274
2021-Q3,United States,0.007704854672204185,0.1979962753203419,0.27021813598193195
2021-Q4,Austria,0.0028563668107688626,0.280699183465125,0.34292011447882964
2021-Q4,Belgium,0.013485429875153311,0.19272906222388286,0.2630275117507446
2021-Q4,Bulgaria,0.034849137947983305,NA,0.2769901721608166
2021-Q4,Croatia,0.004071869965272345,NA,0.4132107387086379
2021-Q4,Cyprus,0.008641393905909941,NA,0.27603734061267243
2021-Q4,Czech,0.005544501615289711,0.3825536600390099,0.33662526495504613
2021-Q4,Denmark,0.005013440602346213,0.1952571076384473,0.2226573398216985
2021-Q4,Estonia,0.006884903298790493,0.32269996736113876,0.42355974597666624
2021-Q4,Finland,0.013900326292247309,0.17356237869767693,0.350627858758523
2021-Q4,France,0.006352508227535416,0.2127294634728666,0.34081943480420795
2021-Q4,Germany,0.004789751355763053,0.27888861969424483,0.36310139036967193
2021-Q4,Greece,0.015550202254237606,NA,0.4011389619699532
2021-Q4,Hungary,0.006863459198465882,0.34621921095374014,0.3756538013782528
2021-Q4,Ireland,0.019892519404154957,0.17066782517491005,0.2825713918663069
2021-Q4,Italy,0.006696891672573277,0.2437162107827943,0.36053348194881535
2021-Q4,Latvia,0.03903049109618324,NA,0.4164870509827438
2021-Q4,Lithuania,NA,NA,0.4166438525941392
2021-Q4,Luxembourg,0.004675497132093704,0.10021990775704542,0.301044533548746
2021-Q4,Malta,0,NA,0.2108733435637175
2021-Q4,Netherlands,0.008869142756784743,0.10486036939362657,0.26712534117015224
2021-Q4,Norway,0.013205113758846245,NA,0.27059667996913406
2021-Q4,Poland,0.007069976813148138,0.3319117575086486,0.337597613905775
2021-Q4,Portugal,0.020615747716803863,0.32619929795759367,0.402148366072681
2021-Q4,Romania,0.003922572173810652,0.711443517807576,0.41018871210646235
2021-Q4,Slovakia,0.01137419990348056,0.49980817701208613,0.38570912282327113
2021-Q4,Slovenia,9.894980170592732e-4,NA,0.3874186396837929
2021-Q4,Spain,0.031179667103015982,0.2109004853837693,0.4059683440171427
2021-Q4,Sweden,6.506373472856378e-4,0.17774551010122377,0.24889271360927773
2021-Q4,United Kingdom,0.013841627923108345,0.2501763696945872,0.3477581611159983
2021-Q4,Australia,0.00667447658330022,0.11443961022249118,0.2051593901490743
2021-Q4,Canada,0.004750962419659774,NA,0.28447586263277524
2021-Q4,China,NA,NA,0.4708746636573968
2021-Q4,Hong Kong,0.018789394990652925,NA,0.3213466878867397
2021-Q4,India,NA,NA,0.3968458425939827
2021-Q4,"Korea, Republic Of",NA,NA,0.4103090689675274
2021-Q4,Russian Federation,0.0011928964216169227,NA,0.3978367082812899
2021-Q4,Singapore,0.01942543673212458,NA,0.29325287044478987
2021-Q4,Switzerland,0.003890204160913898,0.1081472560389163,0.3123506351087835
2021-Q4,United States,0.005892009077796159,0.2229682648789578,0.26928626769962377
2022-Q2,Austria,0.0035436751682166104,0.3009423426043152,0.3414912989576844
2022-Q2,Belgium,0.010972638057092313,0.23932895580384592,0.2756063173380164
2022-Q2,Bulgaria,0.049101972287265136,NA,0.2490921448516042
2022-Q2,Croatia,0.0038059786918448,NA,0.4166830060253392
2022-Q2,Cyprus,0.06656039683650747,NA,0.2300394865372399
2022-Q2,Czech,0.005962490166038939,0.45761594244483367,0.3286154968653895
2022-Q2,Denmark,0.0039522996808479555,0.19473872436759154,0.2327774885572371
2022-Q2,Estonia,0.004626333089285705,0.28676362463204985,0.4257172852823005
2022-Q2,Finland,0.0060884164385883385,0.19064168391082095,0.3416556738565022
2022-Q2,France,0.005168427343607691,0.22624742066068781,0.3582891378443297
2022-Q2,Germany,0.004103590821884139,0.2978816666472458,0.3684681129922035
2022-Q2,Greece,0.013529223204110758,0.21641379018176685,0.3997525374897332
2022-Q2,Hungary,0.004447791291586044,NA,0.4340066564547582
2022-Q2,Ireland,0.019776760205655233,0.13299652108899057,0.27461606414434686
2022-Q2,Italy,0.006026918154518947,0.25841122184522114,0.3579440610621122
2022-Q2,Latvia,NA,NA,0.4166296679619102
2022-Q2,Lithuania,NA,NA,0.417567440374812
2022-Q2,Luxembourg,0.004906362888765949,0.07978606654100623,0.31375190657919977
2022-Q2,Malta,NA,NA,0.22051530339178532
2022-Q2,Netherlands,0.007163651816754425,0.11212305688293198,0.2753945007629071
2022-Q2,Norway,0.017351170477405375,0.2863155887622151,0.26777833385946975
2022-Q2,Poland,0.006126804075412134,0.29400268960945924,0.3438050590707443
2022-Q2,Portugal,0.024367534194340765,0.33353342278671594,0.4071414255938864
2022-Q2,Romania,0.005016793168315324,NA,0.4245797413354534
2022-Q2,Slovakia,0.005498638193239455,0.3234443061956219,0.38367110660780573
2022-Q2,Slovenia,3.748189819993462e-4,NA,0.40612003744025826
2022-Q2,Spain,0.030914246916723807,0.18997247572944428,0.4050095570100013
2022-Q2,Sweden,0.0026131390476852086,0.15363051118707677,0.25559758470832417
2022-Q2,United Kingdom,0.008169148691244667,0.25214798201434696,0.34437720223512
2022-Q2,Australia,0.0024898908300634887,NA,0.21921339017984606
2022-Q2,Canada,0.005105360138269311,NA,0.3049805082012216
2022-Q2,China,0.013757126797757785,NA,0.4591051162746974
2022-Q2,Hong Kong,NA,NA,0.3353636784508381
2022-Q2,India,NA,NA,0.37973818547091925
2022-Q2,"Korea, Republic Of",NA,NA,0.393811256564157
2022-Q2,Russian Federation,0.07193453706571616,0.22813025468044162,0.38436415592651474
2022-Q2,Singapore,0.012527607559939351,NA,0.313018780057907
2022-Q2,Switzerland,0.008210635739599358,0.07860940499970405,0.3051999903738269
2022-Q2,United States,0.005074059283432545,0.19743724421950376,0.2753668560639155
2022-Q3,Austria,0.004580857026557899,0.3020244351167844,0.3126190511541101
2022-Q3,Belgium,0.011060183257948707,0.23721338291839403,0.27850599767382345
2022-Q3,Bulgaria,NA,NA,0.24872040825508632
2022-Q3,Croatia,NA,NA,0.344771961748589
2022-Q3,Cyprus,NA,NA,0.22831602521649105
2022-Q3,Czech,0.005827032374676036,0.44310953315457086,0.30025420322039137
2022-Q3,Denmark,0.004187540807871897,0.2188318807099179,0.23133016593492092
2022-Q3,Estonia,0.006221223857856237,0.22093603209506793,0.4244880112162415
2022-Q3,Finland,0.0029811932258582657,0.27682420137742425,0.34638254803488816
2022-Q3,France,0.0058638290702405695,0.22817123443857013,0.351361839516631
2022-Q3,Germany,0.004278959748728559,0.3262420248341912,0.36552250091657595
2022-Q3,Greece,NA,NA,0.4041257783799298
2022-Q3,Hungary,0.004752875749563607,0.4770641584284943,0.338919165519422
2022-Q3,Ireland,0.02361576346114748,0.1178328721767923,0.2625287743353853
2022-Q3,Italy,0.00567333606691088,0.2608413065903002,0.3583238299119124
2022-Q3,Latvia,NA,NA,0.40016927413763503
2022-Q3,Lithuania,NA,NA,0.4155019208276068
2022-Q3,Luxembourg,0.005080072390273983,0.1241645514557211,0.3096566358150755
2022-Q3,Malta,NA,NA,0.21627914528744846
2022-Q3,Netherlands,0.007354396692959557,0.13106655706018572,0.26882564356491595
2022-Q3,Norway,0.0206142862452151,0.24762595080101335,0.26687025060397374
2022-Q3,Poland,0.00756405956058367,0.30843745032373937,0.3277143140978937
2022-Q3,Portugal,0.025197780364225254,0.3005233068895914,0.4059819289785095
2022-Q3,Romania,0.005377042380871876,0.4883005851754724,0.3881493115249598
2022-Q3,Slovakia,0.0034515981593629995,0.4484347887580297,0.34870203339683664
2022-Q3,Slovenia,NA,NA,0.383111007475562
2022-Q3,Spain,0.024609633579334433,0.1353507633084538,0.40277124860198193
2022-Q3,Sweden,0.0029170787643007273,0.1242664835240145,0.24925221700536374
2022-Q3,United Kingdom,0.008728017328100714,0.2974677372843923,0.3347598911412025
2022-Q3,Australia,NA,NA,0.2181880802788882
2022-Q3,Canada,NA,NA,0.281501435377031
2022-Q3,China,NA,NA,0.4552945202766438
2022-Q3,Hong Kong,NA,NA,0.31851573520253784
2022-Q3,India,NA,NA,0.3756580431914763
2022-Q3,"Korea, Republic Of",NA,NA,0.3873385126311933
2022-Q3,Russian Federation,0.06753072356028218,0.13872600601215374,0.3638890721317504
2022-Q3,Singapore,NA,NA,0.30246737733674145
2022-Q3,Switzerland,0.006888795331762994,0.08100554783466586,0.2988640022931801
2022-Q3,United States,0.008229206382583846,0.13296952937409698,0.2739384360600382
2022-Q4,Austria,0.005534883086760762,0.27223729090529214,0.33474905618576284
2022-Q4,Belgium,0.011258469407933052,0.24522884860131852,0.27941663722474025
2022-Q4,Bulgaria,NA,NA,0.2388957743339835
2022-Q4,Croatia,NA,NA,0.4184548240506762
2022-Q4,Cyprus,NA,NA,0.24546612434553575
2022-Q4,Czech,0.007518411660537815,0.3894766065035078,0.32911178361562066
2022-Q4,Denmark,0.0034667799026328414,0.21133970979702815,0.22741093853544275
2022-Q4,Estonia,0.005449177307713104,0.24980374712471717,0.4256426599844925
2022-Q4,Finland,0.0016873076672787781,0.22574804887228006,0.3478009243912454
2022-Q4,France,0.008860736457586027,0.23172782062227623,0.3509478189619713
2022-Q4,Germany,0.0038630784074957752,0.36303446450001325,0.366684847782853
2022-Q4,Greece,NA,NA,0.413631767812938
2022-Q4,Hungary,0.005707632983609777,0.35498723001606897,0.3554993568810502
2022-Q4,Ireland,0.02961189570562855,0.17646274539386472,0.2676629540571322
2022-Q4,Italy,0.0071098042650548105,0.25495927436042043,0.35680723394016717
2022-Q4,Latvia,NA,NA,0.42356801472347855
2022-Q4,Lithuania,0.00474804646874677,0.5309537906804062,0.4173329314597623
2022-Q4,Luxembourg,0.0033783822512186913,0.17815387418699818,0.3094040089330475
2022-Q4,Malta,NA,NA,0.2007577980713416
2022-Q4,Netherlands,0.008402819674446083,0.14401324147761807,0.2683176139541307
2022-Q4,Norway,0.025956509391415132,0.26546347281188515,0.2622807431349108
2022-Q4,Poland,0.008248056517341337,0.28042679163518763,0.3349770473997349
2022-Q4,Portugal,0.015882225865926084,0.3431639681688175,0.4110793822316967
2022-Q4,Romania,0.004831443263705626,NA,0.42050122670373696
2022-Q4,Slovakia,0.0035667586191828653,NA,0.381338473413797
2022-Q4,Slovenia,NA,NA,0.40417342514210447
2022-Q4,Spain,0.021323221712783096,0.1450913660977318,0.4047771977321443
2022-Q4,Sweden,0.0031571353864625323,0.11083994615444165,0.24741180601398102
2022-Q4,United Kingdom,0.005541310880126693,0.2835547675666582,0.33629830647578396
2022-Q4,Australia,0.0018731294485609432,NA,0.20980821530169894
2022-Q4,Canada,NA,NA,0.28150592465113444
2022-Q4,China,NA,NA,0.4547409626273113
2022-Q4,Hong Kong,0.018314650641563287,NA,0.32597224058927987
2022-Q4,India,NA,NA,0.3738380103661866
2022-Q4,"Korea, Republic Of",NA,NA,0.3898533039075694
2022-Q4,Russian Federation,0.05783602640424355,0.21501746070623745,0.421025192468019
2022-Q4,Singapore,NA,NA,0.30333590397183413
2022-Q4,Switzerland,0.006289013674166003,0.05346160691856236,0.2918828945945874
2022-Q4,United States,0.008208015425493747,0.12568366703457085,0.27437835785551506
2023-Q1,Austria,0.005067340515517167,0.2549108029705164,0.3354442459533018
2023-Q1,Belgium,0.010575029674727131,0.26268201318674306,0.2728704397034031
2023-Q1,Bulgaria,NA,NA,0.230606645660029
2023-Q1,Croatia,0.00572941032679442,0.45146526445366586,0.4141603359539136
2023-Q1,Cyprus,NA,NA,0.2559318879432386
2023-Q1,Czech,0.006695717032778014,0.3577532532766179,0.3135221189768408
2023-Q1,Denmark,0.0035305583566286004,0.19805954563854894,0.2268056038658558
2023-Q1,Estonia,NA,0.16245669007452448,0.4258548653628857
2023-Q1,Finland,0.0031173676427660355,0.2060588473270379,0.3039928237299288
2023-Q1,France,0.009995455151353206,0.2158754043857518,0.35988646833907456
2023-Q1,Germany,0.0042449533432247204,0.3123633443596703,0.36816883960583724
2023-Q1,Greece,0.031170709035721507,NA,0.3751583624204385
2023-Q1,Hungary,0.005374705182759483,0.2847731574996198,0.42644800223062784
2023-Q1,Ireland,0.0210177249118949,0.26334555589900155,0.2612465146738769
2023-Q1,Italy,0.008365700375671902,0.2273481729837569,0.3604466512773145
2023-Q1,Latvia,NA,NA,0.4175970673119353
2023-Q1,Lithuania,0.002602603994090815,0.35679642391650884,0.4173908130327498
2023-Q1,Luxembourg,0.0030440931759982133,0.161979872558054,0.31096139086278823
2023-Q1,Malta,NA,NA,0.20075658070575159
2023-Q1,Netherlands,0.010977804471489199,0.11785357380925574,0.26373357213920823
2023-Q1,Norway,0.02968726105893767,0.27690095747966037,0.2659889627207953
2023-Q1,Poland,0.012433968155859886,0.24941403693192005,0.3315924424133177
2023-Q1,Portugal,0.027777064649902674,0.4277719602668301,0.4181759639142772
2023-Q1,Romania,0.004917264591556166,0.5163925083979558,0.42362592809423405
2023-Q1,Slovakia,0.002942425179019996,0.35831811365971583,0.38522734611667053
2023-Q1,Slovenia,NA,NA,0.40937007783856727
2023-Q1,Spain,0.02144116878815984,0.17263752133243018,0.4090875183293996
2023-Q1,Sweden,0.0031201147189187585,0.0801503940003811,0.2442966569742918
2023-Q1,United Kingdom,0.005698539965099961,0.2462960590192912,0.337795809062582
2023-Q1,Australia,NA,NA,0.21803220330877635
2023-Q1,Canada,NA,NA,0.2783913031686862
2023-Q1,China,0.002773239597985466,NA,0.4599434288561918
2023-Q1,Hong Kong,NA,NA,0.33004258812306536
2023-Q1,India,NA,NA,0.3591462163041611
2023-Q1,"Korea, Republic Of",NA,NA,0.3972745507381688
2023-Q1,Russian Federation,0.05127719964728342,0.21773258705232862,0.4235736613537757
2023-Q1,Singapore,NA,NA,0.30904876648897067
2023-Q1,Switzerland,0.007721006703389048,0.0629662591916129,0.29435754550581644
2023-Q1,United States,0.008720081498972757,0.12694372534071152,0.2746441268591235
2023-Q2,Austria,0.004455564914248879,0.26071284823151186,0.35591523462278246
2023-Q2,Belgium,0.007981508659303527,0.21266611576480057,0.29246059438428884
2023-Q2,Bulgaria,NA,NA,0.41567805507557126
2023-Q2,Croatia,NA,NA,0.3882313074538694
2023-Q2,Cyprus,NA,NA,0.2682637815636932
2023-Q2,Czech,0.00640704184225494,0.28450696440702106,0.3029681560638272
2023-Q2,Denmark,0.003632001802913643,0.20048047846868097,0.22448569736169668
2023-Q2,Estonia,NA,NA,0.4195720009005317
2023-Q2,Finland,0.005241846707427115,0.1228950293097657,0.4260934279509863
2023-Q2,France,0.012489431375664013,0.21123366925354467,0.3630516677585702
2023-Q2,Germany,0.005391506758324577,0.2746446984840606,0.3657443265803827
2023-Q2,Greece,NA,NA,0.36677770938192983
2023-Q2,Hungary,0.0035513093887932184,0.19501547580843295,0.4174356503542874
2023-Q2,Ireland,0.02185057741877844,0.25179202466344774,0.24999866666092246
2023-Q2,Italy,0.008697084995275304,0.23023906027943766,0.3593342865682576
2023-Q2,Latvia,NA,NA,0.4144262654581959
2023-Q2,Lithuania,NA,NA,0.4055411987976034
2023-Q2,Luxembourg,0.007725513210010097,0.13082675720181614,0.3064622891330687
2023-Q2,Malta,NA,NA,0.1977379362181672
2023-Q2,Netherlands,0.013466548204275649,0.11371927821987618,0.2658926606252154
2023-Q2,Norway,0.027099417674098552,0.2582346265926757,0.26846006446461984
2023-Q2,Poland,0.01719034272631254,0.28463467675793347,0.331492024873749
2023-Q2,Portugal,0.051871661236161236,0.4729736216058779,0.41189734263760036
2023-Q2,Romania,0.005569411792163223,0.5394260469561885,0.43122146428780916
2023-Q2,Slovakia,0.0025610226574746264,0.33493598332025737,0.4044643079867146
2023-Q2,Slovenia,NA,NA,0.4057970846768806
2023-Q2,Spain,0.020508307507202294,0.2014655484897373,0.41787881109238256
2023-Q2,Sweden,0.002089788927919767,0.12272975535092463,0.24451197623247278
2023-Q2,United Kingdom,0.0061206360467275945,0.21206867705621457,0.3455633109439925
2023-Q2,Australia,0.007231042619980844,NA,0.22002360000891685
2023-Q2,Canada,NA,NA,0.3190887714881419
2023-Q2,China,NA,NA,0.4561078659661283
2023-Q2,Hong Kong,NA,NA,0.32562134346576604
2023-Q2,India,NA,NA,0.375307993918459
2023-Q2,"Korea, Republic Of",NA,NA,0.383147082174454
2023-Q2,Russian Federation,0.043791755184036406,0.16978449585734,0.4209720529702258
2023-Q2,Singapore,NA,NA,0.307771272291663
2023-Q2,Switzerland,0.0049771675876155025,NA,0.294234964526144
2023-Q2,United States,0.00958497941176304,0.13162423760876799,0.2774305370537551
2023-Q3,Austria,0.004866106940676129,0.2881931041205714,0.34149699664136735
2023-Q3,Belgium,0.0062343509208720345,0.1917562988175026,0.2734850923425502
2023-Q3,Bulgaria,0.014081109637006662,0.5878569884889555,0.22925997687834104
2023-Q3,Croatia,0.004646945952396379,NA,0.41536322684879573
2023-Q3,Cyprus,9.860984706582197e-8,NA,0.3481009268010669
2023-Q3,Czech,0.0068235491365979326,0.29829720683993727,0.32755451273898795
2023-Q3,Denmark,0.0034360838276981938,0.19028261823923123,0.24469520149053525
2023-Q3,Estonia,0.010613211407930583,0.2595694607008296,0.4263276669069337
2023-Q3,Finland,0.006580932878359076,0.15590593702834754,0.30889839641408945
2023-Q3,France,0.012761185765658833,0.21020345747598917,0.3524178597331372
2023-Q3,Germany,0.005691650058470611,0.22725359542376258,0.36688009615613754
2023-Q3,Greece,0.01219706730083667,NA,0.37625765353823815
2023-Q3,Hungary,0.0040207380439267375,0.1982986910667572,0.4210995404470956
2023-Q3,Ireland,0.013286951054085042,0.32453792280531024,0.25118318130317946
2023-Q3,Italy,0.009009658664477123,0.23176943368534658,0.3533084764207086
2023-Q3,Latvia,NA,NA,0.4137874676317849
2023-Q3,Lithuania,0.0019172257691483841,0.1764114750489128,0.4173252808866979
2023-Q3,Luxembourg,0.010030621821244954,0.10284088046997351,0.30712539099751457
2023-Q3,Malta,NA,NA,0.1922111914650571
2023-Q3,Netherlands,0.015376015548777083,0.12071040959641299,0.2730891481585572
2023-Q3,Norway,0.02500720747598523,0.2495094509288879,0.26774040691282686
2023-Q3,Poland,0.012915797814421393,0.27439078985537674,0.32260462894545244
2023-Q3,Portugal,0.05152755259125347,0.5049009205671317,0.4045825517192575
2023-Q3,Romania,0.005876029505565784,0.5760564843530087,0.434370744403112
2023-Q3,Slovakia,0.0035139338317068105,0.33802364663865525,0.39005695390589395
2023-Q3,Slovenia,0.0013304855035299818,NA,0.4017971069334929
2023-Q3,Spain,0.018673803707768045,0.24575033400277468,0.40249769505129435
2023-Q3,Sweden,0.0028265472383553103,0.20367201073897495,0.254034246654205
2023-Q3,United Kingdom,0.0068682525940932096,0.26367658345268985,0.33858197783574157
2023-Q3,Australia,0.005556467434600766,NA,0.22478256989339315
2023-Q3,Canada,0.002561195528077121,NA,0.3085498233322898
2023-Q3,China,0.0023452426097847457,NA,0.4717581958087746
2023-Q3,Hong Kong,0.01415631701933045,NA,0.33414738853391796
2023-Q3,India,NA,NA,0.38625104742246347
2023-Q3,"Korea, Republic Of",NA,NA,0.38991814192089935
2023-Q3,Russian Federation,0.10816528375175079,0.17794999943785716,0.42231197066812204
2023-Q3,Singapore,0.0022637075310182175,NA,0.3181993985266531
2023-Q3,Switzerland,0.0063600238894042545,0.04321910008830377,0.30582797253666677
2023-Q3,United States,0.01009495793223904,0.1560983741554509,0.27532382508614256
2023-Q4,Austria,0.010830280407429118,0.22890722552555418,0.3400911605796948
2023-Q4,Belgium,0.00578566356885143,0.17443809691815534,0.2738980172988215
2023-Q4,Bulgaria,0.016755032546907397,NA,0.22769378128477696
2023-Q4,Croatia,0.00245696330347858,NA,0.4162399658218176
2023-Q4,Cyprus,1.0154062643855007e-7,NA,0.277761374195718
2023-Q4,Czech,0.006225219906158064,0.3125839246458319,0.3469044826705776
2023-Q4,Denmark,0.0040022204280869,0.1718168664798465,0.23434050996395117
2023-Q4,Estonia,0.016101981765696792,NA,0.4223612560716909
2023-Q4,Finland,0.007842999701537144,0.1466382800476291,0.30439423372496444
2023-Q4,France,0.011147159837108466,0.20858794224919663,0.3511711098244756
2023-Q4,Germany,0.008088835145396305,0.18781729280273296,0.3604340197910795
2023-Q4,Greece,0.0123309271982437,NA,0.3817436187837185
2023-Q4,Hungary,0.007834415586529317,0.33244219406289527,0.41091960009011397
2023-Q4,Ireland,0.009377503698396244,0.20318332545907644,0.24782020083073714
2023-Q4,Italy,0.007727674419184925,0.23995386020342394,0.3430298198915649
2023-Q4,Latvia,0.0021894574907723435,NA,0.41488780789918606
2023-Q4,Lithuania,0.0026241364133619115,NA,0.4214384841676116
2023-Q4,Luxembourg,0.015066371397696255,0.1292352225735238,0.3017092340761375
2023-Q4,Malta,0.0029218176187751827,NA,0.22414186203458283
2023-Q4,Netherlands,0.01514878931521397,0.10783253243859921,0.2700279877839574
2023-Q4,Norway,0.024540230009252234,0.24340421591199993,0.2671183731314409
2023-Q4,Poland,0.01548155643816698,0.27093495667375783,0.3173457305232734
2023-Q4,Portugal,0.060887351939975784,0.5260768406272952,0.40006357188305347
2023-Q4,Romania,0.006321039940853349,0.6191328429783214,0.43179547896384096
2023-Q4,Slovakia,0.003865929877255343,0.33013655550149285,0.3715813407647494
2023-Q4,Slovenia,9.462495616446836e-4,NA,0.4042709126248177
2023-Q4,Spain,0.018786931770834764,0.264938842799364,0.4045270521657293
2023-Q4,Sweden,0.0054732431047761435,0.1869132160499293,0.25105222401194877
2023-Q4,United Kingdom,0.00959516626361448,0.25153622325821645,0.3331912666078117
2023-Q4,Australia,0.006827546857812523,NA,0.22010830793194497
2023-Q4,Canada,0.0017519854348766488,NA,0.3043207317818074
2023-Q4,China,0.0013819645756229112,NA,0.44676447826165405
2023-Q4,Hong Kong,0.010628904165220325,NA,0.326214742378083
2023-Q4,India,NA,NA,0.378871605476528
2023-Q4,"Korea, Republic Of",NA,NA,0.36065449965255186
2023-Q4,Russian Federation,0.060179314851007706,0.10280229141844956,0.4296964297298851
2023-Q4,Singapore,0.0024092970738845937,NA,0.3197764344726756
2023-Q4,Switzerland,0.006625942104195479,0.17759088019271102,0.3085762001200607
2023-Q4,United States,0.014154407595727697,0.12831383355668707,0.2689506279694073
2024-Q1,Austria,0.012753802323622386,0.21921836825304147,0.3396951140613334
2024-Q1,Belgium,0.007861482090231988,0.15591693581917318,0.27503906688287333
2024-Q1,Bulgaria,0.012951785018471792,NA,0.2349971571699345
2024-Q1,Croatia,0.002131907691163774,NA,0.41722721248946626
2024-Q1,Cyprus,1.0310066450501674e-7,NA,0.2856865552855391
2024-Q1,Czech,0.008425891370558897,0.29688176261148336,0.3447905269262741
2024-Q1,Denmark,0.0038463593319376247,0.17948059020415166,0.24004373637037663
2024-Q1,Estonia,0.010357416120340636,0.30966060856961525,0.42250253921105774
2024-Q1,Finland,0.009485768794484185,0.1626021004696316,0.3055659564250102
2024-Q1,France,0.014653585164777896,0.19090258387084516,0.3601451846619466
2024-Q1,Germany,0.009228487049559338,0.19796456407131854,0.3617292952174781
2024-Q1,Greece,0.008868494109140155,NA,0.3901141476832431
2024-Q1,Hungary,0.007650222000249632,0.371640544037559,0.40496881050474093
2024-Q1,Ireland,0.014923592701405891,0.262851445522854,0.2421395238627617
2024-Q1,Italy,0.007751768562983503,0.24673078512770227,0.35360077973295134
2024-Q1,Latvia,NA,NA,0.41766003283893915
2024-Q1,Lithuania,0.001984889329642982,0.17617326894906224,0.42208482224435295
2024-Q1,Luxembourg,0.011630903184621821,0.09502740312173076,0.30241279397890775
2024-Q1,Malta,NA,NA,0.22797358481900765
2024-Q1,Netherlands,0.013500135190903534,0.10920140675904008,0.27488014910080083
2024-Q1,Norway,0.021649972510677018,0.24981174870751996,0.2665559034919754
2024-Q1,Poland,0.014027899024001684,0.34375584471900533,0.3208833462991992
2024-Q1,Portugal,0.007238653997753653,0.26364027103171833,0.40254132753771255
2024-Q1,Romania,0.0057348362431120644,0.5490615025749507,0.43197834090326037
2024-Q1,Slovakia,0.004773918893186507,0.38582582392983267,0.3701423863185204
2024-Q1,Slovenia,0.0012883490293122244,NA,0.4123425025374847
2024-Q1,Spain,0.01785581640773629,0.2650072473138513,0.4090462462973743
2024-Q1,Sweden,0.006347440864349603,0.19401512584208044,0.25368906221964604
2024-Q1,United Kingdom,0.006438576690184196,0.2185722376524804,0.3215481422239151
2024-Q1,Australia,0.005744679985832336,NA,0.22120100022997516
2024-Q1,Canada,0.013259519177896424,NA,0.30212197297603277
2024-Q1,China,NA,NA,0.4433988130710044
2024-Q1,Hong Kong,0.007743329542279188,NA,0.32890626174077364
2024-Q1,India,0.013433862077950854,NA,0.3831693716616784
2024-Q1,"Korea, Republic Of",NA,NA,0.35608914295474764
2024-Q1,Russian Federation,0.08209930464616591,0.2507858595467015,0.4288359847630431
2024-Q1,Singapore,0.0019605992912876164,NA,0.32808492740503276
2024-Q1,Switzerland,0.008967576712568781,0.10266644475922206,0.312227162984437
2024-Q1,United States,0.015339462433726808,0.12110517030367192,0.27420460008785313
2024-Q2,Austria,0.012647998840981025,0.18140999932989482,0.34018909979326506
2024-Q2,Belgium,0.0077267718325915525,0.16754760600712754,0.278519033729154
2024-Q2,Bulgaria,0.01330233483319229,NA,0.24064003181400487
2024-Q2,Croatia,0.002963192574086338,NA,0.4206197869884983
2024-Q2,Cyprus,1.0992407041371462e-7,NA,0.2871666059309925
2024-Q2,Czech,0.008577483192797223,0.3063477223555767,0.3424799464239927
2024-Q2,Denmark,0.004158675562272198,0.18598116505164436,0.24000843505405756
2024-Q2,Estonia,0.009261902536160663,0.2993461125091592,0.42286670879171334
2024-Q2,Finland,0.0065127472866023176,0.16490478608256803,0.3078346180651808
2024-Q2,France,0.016253172058969718,0.20093658722557234,0.3550040118890397
2024-Q2,Germany,0.009093351629831894,0.1958483419581493,0.36422870175630473
2024-Q2,Greece,0.006440040428777474,NA,0.40039038468037524
2024-Q2,Hungary,0.008621648471934407,0.2554404222573111,0.39633992465438456
2024-Q2,Ireland,0.013525631398989837,0.21304980329951984,0.23980685362590934
2024-Q2,Italy,0.009052108256431391,0.24633740377791857,0.3573380330323501
2024-Q2,Latvia,NA,NA,0.4145060255296406
2024-Q2,Lithuania,0.0021312642982077843,NA,0.4236592799442945
2024-Q2,Luxembourg,0.012799236185862213,0.09734318799108628,0.3086413405013826
2024-Q2,Malta,NA,NA,0.21062558302562936
2024-Q2,Netherlands,0.012727662740249387,0.133996009061996,0.2743426766086852
2024-Q2,Norway,0.021311462984596335,0.2816927054287221,0.264791979703781
2024-Q2,Poland,0.014944212243287189,0.3148795574905833,0.31581519248840606
2024-Q2,Portugal,0.00575907507512718,0.33943360220568425,0.40344870955645806
2024-Q2,Romania,0.006711101948214143,0.5212401103070724,0.43112354586090096
2024-Q2,Slovakia,0.00665377507873192,0.3799345391317434,0.3697302438694953
2024-Q2,Slovenia,0.0010207573858807154,NA,0.41271762661656847
2024-Q2,Spain,0.015631037426876594,0.28064786257980234,0.40998481496041916
2024-Q2,Sweden,0.008271635855723372,0.16904877437218105,0.251326711784246
2024-Q2,United Kingdom,0.008925062855360148,0.19494252004892504,0.32594021309804344
2024-Q2,Australia,0.008798426530466223,NA,0.22688717831654961
2024-Q2,Canada,0.007167302331979332,NA,0.3073364470293195
2024-Q2,China,NA,NA,0.44637969590290405
2024-Q2,Hong Kong,NA,NA,0.3257024864204484
2024-Q2,India,0.005380662893858093,0.0705890839597838,0.3901653919748123
2024-Q2,"Korea, Republic Of",NA,NA,0.3599275685796677
2024-Q2,Russian Federation,0.20823382440526864,0.16751560798596835,0.43277831254460974
2024-Q2,Singapore,NA,NA,0.3318358237930293
2024-Q2,Switzerland,0.01364248668456918,0.05076809828194805,0.30475526885331977
2024-Q2,United States,0.014099708868629317,0.11499889091797397,0.276022025405637
2024-Q3,Austria,0.013323651600596858,0.21243244466145617,0.34077927672522457
2024-Q3,Belgium,0.017721508501009436,0.31139724955522086,0.2767052674130711
2024-Q3,Bulgaria,0.010469632953360876,NA,0.2378930739144303
2024-Q3,Croatia,0.005880614242051766,NA,0.4211270852925121
2024-Q3,Cyprus,1.1856636417759695e-7,NA,0.29102733894604116
2024-Q3,Czech,0.006614844006783602,0.3705748997780118,0.34157265114456625
2024-Q3,Denmark,0.004367335945849402,0.17521324956076445,0.24677629983408764
2024-Q3,Estonia,0.002243536920656194,0.5099571817513018,0.4238839113365938
2024-Q3,Finland,0.0057687118324090915,NA,0.3062713752278762
2024-Q3,France,0.012474255368224225,0.26205943366865003,0.3623992208274608
2024-Q3,Germany,0.011908084292951178,0.20037361882163524,0.3620634061810002
2024-Q3,Greece,0.0035927966995406334,NA,0.38151760150767505
2024-Q3,Hungary,0.008011105741710217,0.24846256650854903,0.3994754266467646
2024-Q3,Ireland,0.009073227512118432,0.32301052219281445,0.25706566338058023
2024-Q3,Italy,0.010451177172668635,0.22828523095178788,0.3611117792395383
2024-Q3,Latvia,NA,NA,0.4088488023526175
2024-Q3,Lithuania,0.0013618337628518418,0.2958431894321358,0.4231892259850728
2024-Q3,Luxembourg,0.011078084353411498,0.21143153649201196,0.30676595330842044
2024-Q3,Malta,0,NA,0.22835920112913702
2024-Q3,Netherlands,0.01487123325817578,0.12454307173953545,0.2759423412420006
2024-Q3,Norway,0.02327335126133105,0.3035874856867784,0.26639177068511427
2024-Q3,Poland,0.023480925894844525,NA,0.3260683166133651
2024-Q3,Portugal,0.005701173173055692,0.3306206547167467,0.41270205719066844
2024-Q3,Romania,0.005986434044041588,0.5377257219800776,0.42425294002731645
2024-Q3,Slovakia,0.006763918510845179,0.4183808592081083,0.36063705322294237
2024-Q3,Slovenia,0.0028713129684006483,NA,0.4068109193428597
2024-Q3,Spain,0.014500137044131955,0.29952686075167206,0.41208446284216604
2024-Q3,Sweden,0.012550633650573984,0.12125479393253395,0.2513738543471128
2024-Q3,United Kingdom,0.012833319322977212,0.19315351711426704,0.3192730236839635
2024-Q3,Australia,0.011385295603237295,NA,0.23338036660880768
2024-Q3,Canada,0.00943875142595462,NA,0.31334565665388864
2024-Q3,China,NA,NA,0.45036317405720333
2024-Q3,Hong Kong,NA,NA,0.33913657303024
2024-Q3,India,0.0032571651927420374,NA,0.39651979192488146
2024-Q3,"Korea, Republic Of",NA,NA,0.3722051109956331
2024-Q3,Russian Federation,0.11486301447312947,0.16531258085223333,0.44092232197496867
2024-Q3,Singapore,NA,NA,0.34077554948826044
2024-Q3,Switzerland,0.010022318363815612,0.03877083051602497,0.31374923963119383
2024-Q3,United States,0.014951971384666293,0.10059809995866663,0.2781791102161196
2024-Q4,Austria,0.012581908806090536,0.3471180883480226,0.3402591875113532
2024-Q4,Belgium,0.018778915309199316,0.30460848921374806,0.28421375317438136
2024-Q4,Bulgaria,0.00737681739856665,NA,0.2345846959885973
2024-Q4,Croatia,0.006195611695684698,NA,0.42532028598440924
2024-Q4,Cyprus,NA,NA,0.3010428746344719
2024-Q4,Czech,0.007213157729033103,0.3195131404589004,0.3333740031893544
2024-Q4,Denmark,0.004398063550802055,0.20383707872637047,0.24392243134042832
2024-Q4,Estonia,0.0015957597081009305,0.13939195728320816,0.4249199068591911
2024-Q4,Finland,0.006562941864291317,0.1614247872103082,0.308005354323781
2024-Q4,France,0.01527458792291537,0.21558637478815287,0.36110301936669426
2024-Q4,Germany,0.011317276936987123,0.2129151759073724,0.36795134722771655
2024-Q4,Greece,NA,NA,0.3858206354646296
2024-Q4,Hungary,0.007100460034581077,0.26262464495828275,0.39293004803608905
2024-Q4,Ireland,0.0067761846328591785,0.36994236931947594,0.2601769385879375
2024-Q4,Italy,0.01186409411078195,0.232506878643626,0.36172098496658406
2024-Q4,Latvia,0.0042459256400217815,0.23980719853838145,0.41314198282559805
2024-Q4,Lithuania,8.790566284103552e-4,0.22708080548497084,0.42357884615310043
2024-Q4,Luxembourg,0.01175942814264621,0.1338397208630526,0.3101658140821814
2024-Q4,Malta,NA,NA,0.2024511055284897
2024-Q4,Netherlands,0.012603361408671432,0.14469338032115972,0.2762464117220061
2024-Q4,Norway,0.025430446702406018,0.30241065307107284,0.26563616888288694
2024-Q4,Poland,0.022498265052641832,0.2587506723178603,0.327127461200644
2024-Q4,Portugal,0.006709293960126761,0.266459835886779,0.4125240030447069
2024-Q4,Romania,0.009891649435391291,0.3707682095995265,0.42001347926225574
2024-Q4,Slovakia,0.006547000490686791,0.40079550901942945,0.3630084525122877
2024-Q4,Slovenia,0.0039942578456159715,NA,0.4081212955024771
2024-Q4,Spain,0.012576224470593145,0.30522808973904564,0.40574406830634846
2024-Q4,Sweden,0.011528248020975726,0.12354737632730532,0.2513424645175742
2024-Q4,United Kingdom,0.014031951980751108,0.123491394151103,0.3213300427090511
2024-Q4,Australia,0.015821405401654776,NA,0.24818992644552715
2024-Q4,Canada,0.009316789404055791,NA,0.3516788329072778
2024-Q4,China,NA,NA,0.4431966332480017
2024-Q4,Hong Kong,NA,0.27319528463917236,0.3344667699830985
2024-Q4,India,NA,NA,0.40096869141132124
2024-Q4,"Korea, Republic Of",NA,NA,0.3776015108079243
2024-Q4,Russian Federation,0.034534479834437914,0.17245945974772794,0.4104463307817526
2024-Q4,Singapore,NA,NA,0.35064395928738534
2024-Q4,Switzerland,0.006784843316233816,0.030117066903409342,0.32080806593805306
2024-Q4,United States,0.011521664817473541,0.11088215246930283,0.2724608893069006
2025-Q1,Austria,0.010503227671925913,0.35235609032400844,0.31404140495444927
2025-Q1,Belgium,0.017484835327979904,0.32762923433409635,0.33723084300572403
2025-Q1,Bulgaria,NA,NA,0.2768377297875117
2025-Q1,Croatia,0.0064371010738842665,NA,0.3862214632657397
2025-Q1,Cyprus,NA,NA,0.29880595000835863
2025-Q1,Czech,0.005488892843050491,0.4818091080691418,0.331747317794206
2025-Q1,Denmark,0.0039224678398643445,0.2186038057349792,0.26028815087539714
2025-Q1,Estonia,0.0011971005274309398,0.19689402014413887,0.36297322933172876
2025-Q1,Finland,0.00666223436082303,NA,0.3104073013078087
2025-Q1,France,0.016443663450143135,0.3327724255933823,0.4247229285542108
2025-Q1,Germany,0.01159752475268643,0.21011093815611484,0.3405114770844705
2025-Q1,Greece,NA,NA,0.3710045977382784
2025-Q1,Hungary,0.005568916957481181,0.2615801989582573,0.3767477088008851
2025-Q1,Ireland,0.008823035593826847,0.21018788272198086,0.2580475499378971
2025-Q1,Italy,0.011044904913670816,0.2392020258749847,0.3768609421399113
2025-Q1,Latvia,NA,NA,0.3448868259596526
2025-Q1,Lithuania,0.0019597442237002487,NA,0.3601276496679092
2025-Q1,Luxembourg,0.008791814573264414,0.20466487714376988,0.32902706319691094
2025-Q1,Malta,0.038296140033033534,NA,0.24513678842140274
2025-Q1,Netherlands,0.020287862433019964,0.15887223097498462,0.29272771869627556
2025-Q1,Norway,0.02452238369780792,0.30797924075230637,0.2936725435960371
2025-Q1,Poland,0.024635826820065845,0.24988389634867356,0.33229823942251124
2025-Q1,Portugal,0.04774373054199203,0.5188264029109821,0.39617751103918725
2025-Q1,Romania,0.0033218206649565786,0.34371038194316117,0.3637626605206976
2025-Q1,Slovakia,0.005533965882975468,0.4120367763509073,0.37535752722451915
2025-Q1,Slovenia,0.017072052297166896,0.3352725240984066,0.36344773142455294
2025-Q1,Spain,0.010800239123077005,0.32602538039983436,0.41727266576469424
2025-Q1,Sweden,0.009679237624010547,0.13344063017154478,0.26286510637380245
2025-Q1,United Kingdom,0.012667776227402849,0.18000993681676974,0.3307818412962507
2025-Q1,Australia,0.015537825130645888,0.08161111979922411,0.25083146969896186
2025-Q1,Canada,NA,NA,0.3098544527503425
2025-Q1,China,0.01970144154139653,0.25599954448298395,0.3937509748212346
2025-Q1,Hong Kong,0.008106781978885516,NA,0.31657033010627006
2025-Q1,India,NA,NA,0.38908050789187604
2025-Q1,"Korea, Republic Of",NA,NA,0.38940133548436623
2025-Q1,Russian Federation,0.08691418232988503,0.16565391261512297,0.3846026004764823
2025-Q1,Singapore,NA,NA,0.3528810619992678
2025-Q1,Switzerland,0.006778429626929729,0.06555800670146486,0.33093872689583725
2025-Q1,United States,0.010362548293786607,0.12688423169918708,0.310080693380691
2025-Q2,Austria,0.011116957258610938,0.35886999963664984,0.31586268528664613
2025-Q2,Belgium,0.017114170265804647,0.31502905185250557,0.331668109200817
2025-Q2,Bulgaria,1.412836187035022e-6,NA,0.2832223573464178
2025-Q2,Croatia,0.005771828769233022,NA,0.3856394785715144
2025-Q2,Cyprus,0.007039773683222504,NA,0.2702804744456425
2025-Q2,Czech,0.004633947874778342,0.4348295779332234,0.331689082447179
2025-Q2,Denmark,0.006052024696328948,0.22959695665141233,0.26154773187205527
2025-Q2,Estonia,NA,NA,0.36170786451800546
2025-Q2,Finland,0.007339077263012802,0.1973861459406098,0.31198259167372605
2025-Q2,France,0.01567143357383555,0.3186753416522565,0.3444585626853617
2025-Q2,Germany,0.011344759782143629,0.20427401718338187,0.34029206898918085
2025-Q2,Greece,NA,NA,0.3901163040796081
2025-Q2,Hungary,0.004072139220878094,0.28105151420899643,0.38773880825462603
2025-Q2,Ireland,0.004942443563801398,0.31696444585119105,0.26654483000371665
2025-Q2,Italy,0.01020849346686521,0.25227422975052544,0.3748226801976302
2025-Q2,Latvia,NA,NA,0.3442178783807965
2025-Q2,Lithuania,NA,NA,0.3599566002739223
2025-Q2,Luxembourg,0.008610728609990148,0.2307890236765313,0.33140207208331346
2025-Q2,Malta,NA,NA,0.25354386590336314
2025-Q2,Netherlands,0.021405804387781183,0.141409970332711,0.2968805132144227
2025-Q2,Norway,0.025765130634241466,0.2962607218202541,0.2880739454585469
2025-Q2,Poland,0.022085501620277153,0.24317899104214863,0.33180856446966245
2025-Q2,Portugal,0.03412025124793779,0.5048274890415685,0.38953375178178673
2025-Q2,Romania,0.004687097834684094,0.4857382196346018,0.36869241167146954
2025-Q2,Slovakia,0.005027403835603857,0.478385854793364,0.3756725389264114
2025-Q2,Slovenia,0.018397832263166415,0.334999711348711,0.35962383858275465
2025-Q2,Spain,0.017573631283302776,0.38553292855503707,0.3840216955727619
2025-Q2,Sweden,0.011288684041005661,0.11519277947550323,0.26917113139352183
2025-Q2,United Kingdom,0.011386248356131582,0.16004056834622668,0.3255905345321598
2025-Q2,Australia,0.01920090327711638,0.05492546970025443,0.25071199924036663
2025-Q2,Canada,0.011248759265514476,NA,0.3135056491520992
2025-Q2,China,NA,NA,0.3867876661108974
2025-Q2,Hong Kong,NA,NA,0.31694507618457274
2025-Q2,India,NA,NA,0.38159673218220885
2025-Q2,"Korea, Republic Of",NA,NA,0.37694168140626433
2025-Q2,Russian Federation,0.06958523623860437,0.13898639359261725,0.3804425403169905
2025-Q2,Singapore,NA,NA,0.33676747142864455
2025-Q2,Switzerland,0.003152021735615495,0.12594854670924124,0.3283041043620708
2025-Q2,United States,0.010905679399761361,0.11873241455515382,0.3016571649073102
2025-Q3,Austria,0.011648670558701005,0.33670502335378377,0.3162837339612793
2025-Q3,Belgium,0.008489688042748791,0.16868985518721363,0.3285072503992892
2025-Q3,Bulgaria,NA,NA,0.24570832800307862
2025-Q3,Croatia,0.0036541347556581782,NA,0.38587809235294523
2025-Q3,Cyprus,NA,NA,0.2629045358933612
2025-Q3,Czech,0.004238809998424637,0.3977953082035312,0.3325882130818553
2025-Q3,Denmark,0.006760635878129997,0.24751180829094385,0.25980333909014874
2025-Q3,Estonia,NA,NA,0.3622196606051852
2025-Q3,Finland,0.009313709455651464,0.19068954180309955,0.31068417371615165
2025-Q3,France,0.014809604615843193,0.32345055496992314,0.34417476861113794
2025-Q3,Germany,0.008303813035420562,0.21070360669920007,0.34322404982393584
2025-Q3,Greece,NA,NA,0.3693333924855603
2025-Q3,Hungary,0.005440837216161001,0.29128063584600616,0.3802805173478926
2025-Q3,Ireland,0.006612039291461956,NA,0.2671201290142861
2025-Q3,Italy,0.009137863007521846,0.2697721062792251,0.3692650658991225
2025-Q3,Latvia,NA,NA,0.3488051486228455
2025-Q3,Lithuania,NA,NA,0.3593875523191267
2025-Q3,Luxembourg,0.0077170158684857154,0.20397997669789422,0.3259214139338726
2025-Q3,Malta,NA,NA,0.2570061450504952
2025-Q3,Netherlands,0.013925250660154207,0.11611023623876575,0.2928371765224459
2025-Q3,Norway,0.030072747606826503,NA,0.28626036161122487
2025-Q3,Poland,0.014576137277152759,0.29821864811141974,0.33836341648744056
2025-Q3,Portugal,0.02497174957212081,0.4566914031226706,0.3843459442530398
2025-Q3,Romania,0.006429923226781187,0.49249700520165096,0.3678810388339335
2025-Q3,Slovakia,0.0039875756873751335,0.34914628712102136,0.37645002074027073
2025-Q3,Slovenia,0.020559459877560846,0.29097867283187184,0.35953730916724197
2025-Q3,Spain,0.02452621519774397,0.4132787487510489,0.38192428925686794
2025-Q3,Sweden,0.008895225594641485,0.12394128535467422,0.2682950638903396
2025-Q3,United Kingdom,0.006855562743670192,0.1601657082534959,0.30524876209441965
2025-Q3,Australia,0.018078711191387715,0.06806258923388776,0.26300292103501743
2025-Q3,Canada,NA,NA,0.3050972749184721
2025-Q3,China,NA,NA,0.382008362794099
2025-Q3,Hong Kong,NA,NA,0.30555493272184864
2025-Q3,India,NA,NA,0.3565331987201421
2025-Q3,"Korea, Republic Of",NA,NA,0.364022707602911
2025-Q3,Russian Federation,NA,NA,0.3805348682172101
2025-Q3,Singapore,NA,NA,0.34012238110415155
2025-Q3,Switzerland,0.0018513481752849507,0.11095262183700089,0.3245449556342362
2025-Q3,United States,0.010986484637295086,0.1145034404309189,0.3066310554833329
2025-Q4,Austria,0.012374411195792058,0.2878303226366826,0.31732827645145595
2025-Q4,Belgium,0.008410604827858091,0.18671359916297456,0.32399491767237026
2025-Q4,Bulgaria,0.0034303619590846136,NA,0.232243674926495
2025-Q4,Croatia,0.004395717904632887,NA,0.38778886487292524
2025-Q4,Cyprus,NA,NA,0.25009737259039333
2025-Q4,Czech,0.003378952291663571,0.39643704270830193,0.3350857346701985
2025-Q4,Denmark,0.0064728618253668034,0.23995901513320983,0.26350484596302953
2025-Q4,Estonia,1.2996491553113362e-4,NA,0.3618865048021878
2025-Q4,Finland,0.012992463235452719,0.18838994842656814,0.3096344429030496
2025-Q4,France,0.014716979257814101,0.3234199563603192,0.3412339644675805
2025-Q4,Germany,0.00947301424579839,0.18096457198418284,0.34168217279096913
2025-Q4,Greece,4.419993568593555e-5,NA,0.3832321678487403
2025-Q4,Hungary,0.004717903711950577,0.29696092187473166,0.3824562598397075
2025-Q4,Ireland,0.005798376555072191,0.22676433022086984,0.2820278653978454
2025-Q4,Italy,0.006521574479729647,0.32056180200115775,0.37078313114158606
2025-Q4,Latvia,NA,NA,0.3497011136533681
2025-Q4,Lithuania,0.0015986075926657385,NA,0.36001369067223765
2025-Q4,Luxembourg,0.011869369084873346,0.216136616634731,0.3314238219827653
2025-Q4,Malta,NA,NA,0.2586007208671449
2025-Q4,Netherlands,0.012531489739014783,0.12031270815451836,0.29827986612689905
2025-Q4,Norway,0.019175561962545665,0.29150294538877375,0.2934978401235573
2025-Q4,Poland,0.014445352684621365,0.30985508413146834,0.34702532565755573
2025-Q4,Portugal,0.014859630704670614,0.3877810780032875,0.37133274821697015
2025-Q4,Romania,0.0055757483040709795,0.4763543463312104,0.37029084274199797
2025-Q4,Slovakia,0.005763605953417942,0.47888863789159297,0.3761130428127574
2025-Q4,Slovenia,0.01377829947540628,0.3345457687862067,0.352849844086212
2025-Q4,Spain,0.02431315481059721,0.42749155709826003,0.36606084542502754
2025-Q4,Sweden,0.009472216225226746,0.11839414062335861,0.2645478234081907
2025-Q4,United Kingdom,0.008156032145041051,0.19282219016144408,0.3267412175583657
2025-Q4,Australia,0.016819056715274415,0.07927271940585066,0.27146675640284085
2025-Q4,Canada,NA,NA,0.30586666110886623
2025-Q4,China,NA,NA,0.3919104901346594
2025-Q4,Hong Kong,NA,NA,0.30390869657103997
2025-Q4,India,NA,NA,0.3614006308908996
2025-Q4,"Korea, Republic Of",NA,NA,0.3782869753217856
2025-Q4,Russian Federation,0.045096045151297545,NA,0.39163109313621536
2025-Q4,Singapore,NA,NA,0.34131295733574835
2025-Q4,Switzerland,0.0012280374343236469,0.20773809574713772,0.3197281776348755
2025-Q4,United States,0.011882081682948898,0.1108225774592592,0.3111018414627745
2026-Q1,Austria,0.01363596970237,0.29622126012901,0.31650290996498
2026-Q1,Belgium,0.00925257191835,0.17746039599,0.32520804583461
2026-Q1,Bulgaria,1.731599523e-5,NA,0.23034542699544
2026-Q1,Croatia,0.00384468154513,0.34900858315244,0.38451501705263
2026-Q1,Cyprus,NA,NA,0.26970704069543
2026-Q1,Czech,0.00336643587272,0.3610727482742,0.32698679946321
2026-Q1,Denmark,0.00609338593838,0.22981832925421,0.27160959755599
2026-Q1,Estonia,0.00246646072551,0.21010403078861,0.36307370057656
2026-Q1,Finland,0.0099892002629,NA,0.38429736009847
2026-Q1,France,0.00900978228981,0.24355638928302,0.34399041880021
2026-Q1,Germany,0.00995098705835,0.18596598502144,0.34191092951705
2026-Q1,Greece,NA,NA,0.3683317415153
2026-Q1,Hungary,0.00534925285326,0.33110575575978,0.36386069748894
2026-Q1,Ireland,0.00628403210182,0.19739606557384,0.2885805697616
2026-Q1,Italy,0.00857129720099,0.35737848454037,0.37152083016867
2026-Q1,Latvia,0.00230025839516,0.02344637519483,0.36240389911405
2026-Q1,Lithuania,0.00106177771409,0.48644147829273,0.36112569024992
2026-Q1,Luxembourg,0.01593492120659,0.18335248195321,0.32224354325673
2026-Q1,Malta,NA,NA,0.31210211966098
2026-Q1,Netherlands,0.01211540977129,0.12615678585142,0.30187725495138
2026-Q1,Norway,0.02012728265802,NA,0.29050876985726
2026-Q1,Poland,0.01652713495477,0.32326972363647,0.35000577334895
2026-Q1,Portugal,0.01475860540254,0.39531582500158,0.34943578860788
2026-Q1,Romania,0.00499572034491,0.48329013502461,0.32382214233833
2026-Q1,Slovakia,0.00529312204646,0.44606174499487,0.35985188015197
2026-Q1,Slovenia,NA,NA,0.34590924266058
2026-Q1,Spain,0.01179375063631,0.31607676330061,0.35337177316271
2026-Q1,Sweden,0.01191965335831,0.09374475302699,0.26387854680521
2026-Q1,United Kingdom,0.00716255435773,0.08536823774815,0.32083566070623
2026-Q1,Australia,0.01710502554738,0.09139922391379,0.27996141826239
2026-Q1,Canada,0.00687363341685,0.11983055906939,0.31225464465212
2026-Q1,China,NA,NA,0.38530638692742
2026-Q1,Hong Kong,NA,NA,0.30895010182329
2026-Q1,India,NA,NA,0.36126197354508
2026-Q1,"Korea, Republic Of",NA,NA,0.36909957532381
2026-Q1,Russian Federation,NA,NA,0.36682455968731
2026-Q1,Singapore,NA,NA,0.33878005488452
2026-Q1,Switzerland,0.00130493354757,0.27950065258737,0.32559042749492
2026-Q1,United States,0.01106565387002,0.09779928490235,0.31203095343496
2015-Q4,Austria,0.008779276,0.344865319,0.30882846
2015-Q4,Belgium,0.014996402,0.274510032,0.27893209
2015-Q4,Bulgaria,0.049825758,0.019238965,0.402045651
2015-Q4,Croatia,0.066065532,0.31794913,0.366066503
2015-Q4,Cyprus,0.108564338,NA,0.291062411
2015-Q4,Czech,0.018819452,0.413563012,0.359356359
2015-Q4,Denmark,0.0108931,0.268228269,0.234506731
2015-Q4,Estonia,0.058241427,0.294912969,0.41179065
2015-Q4,Finland,0.015100503,0.34850013,0.35834224
2015-Q4,France,0.005867753,0.215289384,0.331135625
2015-Q4,Germany,0.013389021,0.253,0.362977858
2015-Q4,Greece,NA,NA,0.380291475
2015-Q4,Hungary,0.007695708,0.321154413,0.38563919
2015-Q4,Ireland,0.029183151,0.111956209,0.390835202
2015-Q4,Italy,0.035711488,0.302714203,0.38158926
2015-Q4,Latvia,0.023019197,0.209295077,0.419118607
2015-Q4,Lithuania,0.036110728,0.308763997,0.421343149
2015-Q4,Luxembourg,0.0059917,0.844516081,0.322091138
2015-Q4,Malta,0.133672808,NA,0.255631966
2015-Q4,Netherlands,0.023149584,0.183115992,0.314543839
2015-Q4,Norway,0.009503634,0.118259265,0.287895505
2015-Q4,Poland,0.008977606,0.295941336,0.333066761
2015-Q4,Portugal,0.117899042,NA,0.395187729
2015-Q4,Romania,0.021289305,0.098940499,0.402894177
2015-Q4,Slovakia,0.041415726,0.397054817,0.416665517
2015-Q4,Slovenia,0.003168037,NA,0.36448038
2015-Q4,Spain,0.05233645,0.333570561,0.378004681
2015-Q4,Sweden,0.003033504,0.140747316,0.280564651
2015-Q4,United Kingdom,0.007678437,0.179606733,0.350957712
2015-Q4,Australia,0.006225357,0.38552298,0.320711022
2015-Q4,Canada,0.008986553,NA,0.351019462
2015-Q4,China,0.00499083,0.204740405,0.454219776
2015-Q4,Hong Kong,0.002776465,0.499204727,0.353695609
2015-Q4,India,0.011055044,NA,0.456262844
2015-Q4,"Korea, Republic Of",NA,NA,0.391365348
2015-Q4,Russian Federation,0.017422503,0.262640979,0.391022542
2015-Q4,Singapore,0.0060134,0.376127099,0.279814333
2015-Q4,Switzerland,0.017583308,0.790322053,0.311753713
2015-Q4,United States,0.005210331,0.388053469,0.330891681
2016-Q1,Austria,0.007409857,0.242531614,0.307009263
2016-Q1,Belgium,0.014213739,0.276946472,0.266252809
2016-Q1,Bulgaria,0.02825886,0.025165786,0.40388584
2016-Q1,Croatia,0.041996545,0.282712875,0.36818137
2016-Q1,Cyprus,0.066449103,0.133533766,0.280947307
2016-Q1,Czech,0.012999317,0.41667834,0.359005023
2016-Q1,Denmark,0.012463062,0.139539031,0.23541189
2016-Q1,Estonia,0.051067,0.314911364,0.410893457
2016-Q1,Finland,0.016922192,0.269461222,0.358023192
2016-Q1,France,0.005502663,0.227201084,0.328125657
2016-Q1,Germany,0.012821773,0.23753736,0.360948998
2016-Q1,Greece,0.134216873,0.424539389,0.386609203
2016-Q1,Hungary,0.006835299,0.352070304,0.387448067
2016-Q1,Ireland,0.036092502,0.128076623,0.384776083
2016-Q1,Italy,0.021502491,0.190705236,0.381642508
2016-Q1,Latvia,0.018770075,0.22752025,0.418275616
2016-Q1,Lithuania,0.033927358,0.336136131,0.420567659
2016-Q1,Luxembourg,0.007534293,0.194546398,0.32450157
2016-Q1,Malta,0.08227247,NA,0.303079156
2016-Q1,Netherlands,0.01809484,0.217650249,0.304595881
2016-Q1,Norway,0.012547873,0.056263502,0.273927481
2016-Q1,Poland,0.010097085,0.284841649,0.335370529
2016-Q1,Portugal,0.094546119,0.137421482,0.397610117
2016-Q1,Romania,0.023200459,0.110519856,0.402604743
2016-Q1,Slovakia,0.040320222,0.374387091,0.424994012
2016-Q1,Slovenia,0.004945878,NA,0.364471679
2016-Q1,Spain,0.047954744,0.353451351,0.375982369
2016-Q1,Sweden,0.003344098,0.064743745,0.260967555
2016-Q1,United Kingdom,0.007930707,0.243617245,0.359649399
2016-Q1,Australia,0.015307361,0.235291662,0.329563719
2016-Q1,Canada,0.0087999730000000009,NA,0.347471947
2016-Q1,China,0.004484998,0.325927274,0.456151992
2016-Q1,Hong Kong,0.003250474,0.405830341,0.353603384
2016-Q1,India,0.014050087,NA,0.449664032
2016-Q1,"Korea, Republic Of",NA,NA,0.381070255
2016-Q1,Russian Federation,0.012898122,0.199414029,0.388665112
2016-Q1,Singapore,0.012658382,0.326779251,0.289654517
2016-Q1,Switzerland,0.013742046,0.877618911,0.314818932
2016-Q1,United States,0.008416086,0.303965106,0.32920947
2016-Q2,Austria,0.00658445,0.191693366,0.306545214
2016-Q2,Belgium,0.014618025,0.250047143,0.264227016
2016-Q2,Bulgaria,0.020724806,0.015578334,0.394055231
2016-Q2,Croatia,0.027887335,0.244558585,0.359306595
2016-Q2,Cyprus,0.085903799,0.228636107,0.294455523
2016-Q2,Czech,0.012713065,0.279922675,0.356654926
2016-Q2,Denmark,0.013264738,0.142738531,0.237588348
2016-Q2,Estonia,0.052831131,0.339113288,0.405300413
2016-Q2,Finland,0.01574262,0.279198827,0.360994193
2016-Q2,France,0.005259441,0.265231437,0.331934045
2016-Q2,Germany,0.012946739,0.266495044,0.361377775
2016-Q2,Greece,0.060165744,0.194281703,0.387781267
2016-Q2,Hungary,0.008656732,0.313749833,0.384641269
2016-Q2,Ireland,0.031101233,0.122579433,0.390883833
2016-Q2,Italy,0.019929632,0.180427942,0.380707758
2016-Q2,Latvia,0.016873815,0.270074442,0.418477332
2016-Q2,Lithuania,0.028816132,0.309859986,0.421719389
2016-Q2,Luxembourg,0.013770109,0.146658048,0.326734382
2016-Q2,Malta,0.15267039,0.117187727,0.296743643
2016-Q2,Netherlands,0.01495694,0.222091094,0.308552002
2016-Q2,Norway,0.014015079,0.067192091,0.271245825
2016-Q2,Poland,0.009394744,0.261565062,0.327880594
2016-Q2,Portugal,0.06539804,0.114576296,0.39705807
2016-Q2,Romania,0.022923912,0.125604971,0.398647876
2016-Q2,Slovakia,0.031479691,0.22296521,0.414761957
2016-Q2,Slovenia,0.00554053,NA,0.365256006
2016-Q2,Spain,0.04862804,0.351067317,0.377443095
2016-Q2,Sweden,0.003415904,0.064553831,0.263784238
2016-Q2,United Kingdom,0.009559659,0.240725488,0.35872785
2016-Q2,Australia,0.018043594,0.267515231,0.310392943
2016-Q2,Canada,0.011331735,0.17451524,0.342738567
2016-Q2,China,0.003819399,0.263296104,0.452752722
2016-Q2,Hong Kong,0.005087364,0.441887039,0.354254244
2016-Q2,India,0.015738328,0.445331565,0.460058822
2016-Q2,"Korea, Republic Of",NA,NA,0.369042092
2016-Q2,Russian Federation,0.0101949,0.113032094,0.392953149
2016-Q2,Singapore,0.014805001,0.251760127,0.280537193
2016-Q2,Switzerland,0.001372456,0.943794077,0.324391606
2016-Q2,United States,0.009544173,0.222301215,0.328383315
2016-Q3,Austria,0.007830579,0.180601638,0.291282396
2016-Q3,Belgium,0.014018659,0.244313936,0.265071081
2016-Q3,Bulgaria,0.02009172,0.007437349,0.417812428
2016-Q3,Croatia,NA,NA,0.343033944
2016-Q3,Cyprus,0.104470425,0.201105816,0.287462602
2016-Q3,Czech,0.012578975,0.274221117,0.356885278
2016-Q3,Denmark,0.012830637,0.134260798,0.243720343
2016-Q3,Estonia,0.052165536,0.345450688,0.409454223
2016-Q3,Finland,0.013932794,0.297729032,0.359531182
2016-Q3,France,0.006093167,0.225732094,0.336583732
2016-Q3,Germany,0.01295609,0.259745669,0.358294093
2016-Q3,Greece,0.088857539,0.25041448,0.388666058
2016-Q3,Hungary,0.010867928,NA,0.402535023
2016-Q3,Ireland,0.021362931,0.188596517,0.361904101
2016-Q3,Italy,0.017700824,0.181363815,0.376460579
2016-Q3,Latvia,0.01447486,0.346550171,0.4177404
2016-Q3,Lithuania,0.024961532,0.302641286,0.421124279
2016-Q3,Luxembourg,0.016029281,0.143871847,0.314327192
2016-Q3,Malta,0.332722594,0.099376095,0.312737575
2016-Q3,Netherlands,0.016166073,0.201426616,0.284566382
2016-Q3,Norway,0.015338452,0.085306813,0.267384656
2016-Q3,Poland,0.011084767,0.266290332,0.323988346
2016-Q3,Portugal,0.068057694,0.173202844,0.39468741
2016-Q3,Romania,0.018237544,0.162813052,0.388182442
2016-Q3,Slovakia,0.036655495,0.217488674,0.408820955
2016-Q3,Slovenia,0.003353701,NA,0.361206976
2016-Q3,Spain,0.046758268,0.334348579,0.394017565
2016-Q3,Sweden,0.003212109,0.106913426,0.259960731
2016-Q3,United Kingdom,0.01015246,0.21108173,0.357727555
2016-Q3,Australia,0.016361444,0.193725549,0.310421574
2016-Q3,Canada,0.015826973,NA,0.344915816
2016-Q3,China,0.006011973,0.512063827,0.454348879
2016-Q3,Hong Kong,0.005243641,0.413221412,0.34417908
2016-Q3,India,0.01911086,0.510904243,0.459543601
2016-Q3,"Korea, Republic Of",0.00202005,NA,0.365829297
2016-Q3,Russian Federation,0.00625053,0.413501468,0.38650545
2016-Q3,Singapore,0.01683576,0.226581704,0.28288784
2016-Q3,Switzerland,0.002463278,0.385095403,0.307508437
2016-Q3,United States,0.009087546,0.208429887,0.324070103
2016-Q4,Austria,0.007623391,0.223725053,0.304396131
2016-Q4,Belgium,0.012347135,0.169263375,0.266480139
2016-Q4,Bulgaria,NA,NA,0.40706878
2016-Q4,Croatia,NA,NA,0.372687837
2016-Q4,Cyprus,0.107595659,0.128025743,0.26881696
2016-Q4,Czech,0.013377509,0.28323601,0.35360688
2016-Q4,Denmark,0.010853565,0.129054898,0.242140756
2016-Q4,Estonia,0.039459719,0.350476562,0.401029217
2016-Q4,Finland,0.014403261,0.300042456,0.360894954
2016-Q4,France,0.007210886,0.228208788,0.335672089
2016-Q4,Germany,0.014256628,0.216971875,0.359715447
2016-Q4,Greece,0.076913383,0.202908497,0.388562365
2016-Q4,Hungary,0.010225656,NA,0.402765992
2016-Q4,Ireland,0.021851945,0.173931347,0.353998445
2016-Q4,Italy,0.01876926,0.194592568,0.38578251
2016-Q4,Latvia,0.006395267,0.367813225,0.419037305
2016-Q4,Lithuania,0.021021502,0.29584039,0.417256151
2016-Q4,Luxembourg,0.016649916,0.241760805,0.316688928
2016-Q4,Malta,0.674092016,0.192974965,0.328048419
2016-Q4,Netherlands,0.0154705,0.179897581,0.278849589
2016-Q4,Norway,0.014524151,0.090195739,0.264723325
2016-Q4,Poland,0.009802494,0.25829119,0.315643838
2016-Q4,Portugal,0.058812239,0.205347403,0.401662196
2016-Q4,Romania,0.022484369,NA,0.386755004
2016-Q4,Slovakia,0.02295539,0.28985849,0.410333173
2016-Q4,Slovenia,NA,0.03297804,0.357015373
2016-Q4,Spain,0.038269154,0.370274883,0.39127781699999997
2016-Q4,Sweden,0.002572627,0.18439267,0.257299956
2016-Q4,United Kingdom,0.010248045,0.19910609,0.359118416
2016-Q4,Australia,0.015703728,0.085603582,0.303296568
2016-Q4,Canada,0.012735581,0.204341025,0.343372
2016-Q4,China,0.005283963,NA,0.454512598
2016-Q4,Hong Kong,0.005630243,0.654869383,0.35626056
2016-Q4,India,0.012024192,0.453269566,0.464028784
2016-Q4,"Korea, Republic Of",NA,NA,0.359899896
2016-Q4,Russian Federation,NA,NA,0.396687127
2016-Q4,Singapore,0.020733456,0.168123583,0.283448066
2016-Q4,Switzerland,0.009523064,0.09546686,0.294486803
2016-Q4,United States,0.009573566,0.190603913,0.327506471
2022-Q1,Austria,0.0037576729485148163,0.3043871262540532,0.3413212621810317
2022-Q1,Belgium,0.013105316255947944,0.18513084307945418,0.2715693308801676
2022-Q1,Bulgaria,0.04622355269393256,NA,0.278321966000318
2022-Q1,Croatia,0.005075825018028334,NA,0.41342740964279673
2022-Q1,Cyprus,0.043783947874370656,NA,0.26754386058511576
2022-Q1,Czech,0.006681265773335756,0.4262334365386334,0.3298313502418046
2022-Q1,Denmark,0.004655575223719149,0.1729736794695627,0.2235711030880522
2022-Q1,Estonia,0.007206047051563083,0.30547028636991985,0.4259330086165452
2022-Q1,Finland,0.008334427221548339,NA,0.3533406288855689
2022-Q1,France,0.005718241049572319,0.21281684597853523,0.3512866692683618
2022-Q1,Germany,0.004666553407453652,0.2759002692995983,0.36767278470933673
2022-Q1,Greece,0.015755178316734005,NA,0.40120356169042454
2022-Q1,Hungary,0.008643694368293429,0.3752502349226617,0.3774095492962812
2022-Q1,Ireland,0.01974304208541092,0.14258054937742132,0.278957894295324
2022-Q1,Italy,0.006047044915320653,0.26681856601092085,0.3593691862979353
2022-Q1,Latvia,NA,NA,0.41548114385416357
2022-Q1,Lithuania,NA,NA,0.4176819609629203
2022-Q1,Luxembourg,0.0053480815363356905,0.06382659509751477,0.31116786948318115
2022-Q1,Malta,NA,NA,0.20957003163868124
2022-Q1,Netherlands,0.008472258257172408,0.1115869912331014,0.26895238648856323
2022-Q1,Norway,0.002155533537865742,NA,0.26977316299269866
2022-Q1,Poland,0.00535712931961258,0.2761277071612124,0.3418361404633481
2022-Q1,Portugal,0.02196598163417183,0.3196171067070685,0.39464113100895437
2022-Q1,Romania,0.00479308756145706,0.570544643561543,0.4262868373235799
2022-Q1,Slovakia,0.00609563463219519,0.3208891837905784,0.38687418888920466
2022-Q1,Slovenia,2.0650674741657993e-4,NA,0.3996506483850277
2022-Q1,Spain,0.032307893196612425,0.19721247962675117,0.4061599540240929
2022-Q1,Sweden,0.0012881183358816294,0.20254807072537945,0.2517363566575398
2022-Q1,United Kingdom,0.01196120715900804,0.28203031971515996,0.34896593059365194
2022-Q1,Australia,0.002405744043772647,NA,0.21762751257156443
2022-Q1,Canada,NA,NA,0.28406731924929995
2022-Q1,China,NA,NA,0.4708200991504668
2022-Q1,Hong Kong,0.025188478536655828,NA,0.32928449657421976
2022-Q1,India,NA,NA,0.3888511050823156
2022-Q1,"Korea, Republic Of",NA,NA,0.40000891247563664
2022-Q1,Russian Federation,0.03140100229055595,0.21732955389588313,0.39495227270606076
2022-Q1,Singapore,0.014041202173557461,NA,0.30063998990018226
2022-Q1,Switzerland,0.007856031468872472,0.0651021608358897,0.3055652632265146
2022-Q1,United States,0.0057980846248350485,0.20820942170304327,0.2754146664478047
2017-Q1,Austria,0.008199999999999999,0.2446,0.2979
2017-Q1,Belgium,0.011899999999999999,0.14529999999999998,0.2799
2017-Q1,Bulgaria,0.0286,0.10369999999999999,0.4003
2017-Q1,Croatia,NA,0.2018,0.3762
2017-Q1,Cyprus,0.2575,NA,0.29600000000000004
2017-Q1,Czech,0.0127,0.2857,0.3283
2017-Q1,Denmark,0.0072,0.2077,0.2266
2017-Q1,Estonia,0.0447,0.3481,0.4163
2017-Q1,Finland,0.0151,0.37189999999999995,0.3889
2017-Q1,France,0.006999999999999999,0.32909999999999995,0.33590000000000003
2017-Q1,Germany,0.0132,0.2746,0.3578
2017-Q1,Greece,0.0682,0.23879999999999998,0.3953
2017-Q1,Hungary,0.0134,NA,0.41100000000000003
2017-Q1,Ireland,0.0263,0.182,0.35719999999999996
2017-Q1,Italy,0.0323,0.3066,0.3856
2017-Q1,Latvia,0.0126,0.7859999999999999,0.42210000000000003
2017-Q1,Lithuania,0.015600000000000001,0.2826,0.4199
2017-Q1,Luxembourg,0.016399999999999998,0.2412,0.3237
2017-Q1,Malta,0.5351,0.1441,0.3397
2017-Q1,Netherlands,0.0184,0.1671,0.2807
2017-Q1,Norway,0.015700000000000002,0.1054,0.2506
2017-Q1,Poland,0.009300000000000001,0.2733,0.33759999999999996
2017-Q1,Portugal,0.059500000000000004,0.2242,0.41759999999999997
2017-Q1,Romania,0.0111,0.2421,0.3885
2017-Q1,Slovakia,0.0256,0.49369999999999997,0.4042
2017-Q1,Slovenia,0.0032,0.0354,0.37979999999999997
2017-Q1,Spain,0.0388,0.3604,0.4131
2017-Q1,Sweden,0.0018,0.18469999999999998,0.2459
2017-Q1,United Kingdom,0.0076,0.1387,0.354
2017-Q1,Australia,0.018000000000000002,0.1986,0.3075
2017-Q1,Canada,0.0106,0.1548,0.3539
2017-Q1,China,0.0033,NA,0.45649999999999996
2017-Q1,Hong Kong,0.0048,0.4694,0.35850000000000004
2017-Q1,India,NA,NA,0.4732
2017-Q1,"Korea, Republic Of",NA,NA,0.36619999999999997
2017-Q1,Russian Federation,NA,NA,0.4021
2017-Q1,Singapore,0.014199999999999999,0.1175,0.297
2017-Q1,Switzerland,0.0363,NA,0.3297
2017-Q1,United States,0.0079,0.17379999999999998,0.3157
2017-Q2,Austria,0.008100000000000001,0.2273,0.29969999999999997
2017-Q2,Belgium,0.0102,0.1445,0.2762
2017-Q2,Bulgaria,NA,NA,0.3983
2017-Q2,Croatia,0.0836,0.24170000000000003,0.3696
2017-Q2,Cyprus,0.1837,NA,0.3197
2017-Q2,Czech,0.0087,0.31579999999999997,0.3358
2017-Q2,Denmark,0.0054,0.153,0.2304
2017-Q2,Estonia,0.015700000000000002,0.33509999999999995,0.4115
2017-Q2,Finland,0.0149,0.34840000000000004,0.36840000000000006
2017-Q2,France,0.006999999999999999,0.34,0.3353
2017-Q2,Germany,0.0126,0.2531,0.35850000000000004
2017-Q2,Greece,0.06559999999999999,0.2024,0.3934
2017-Q2,Hungary,0.009399999999999999,0.36450000000000005,0.40130000000000005
2017-Q2,Ireland,0.0263,0.1674,0.36
2017-Q2,Italy,0.0455,0.35969999999999996,0.3751
2017-Q2,Latvia,0.0154,0.7223999999999999,0.4189
2017-Q2,Lithuania,0.009000000000000001,0.27390000000000003,0.41960000000000003
2017-Q2,Luxembourg,0.0058,0.2523,0.32520000000000004
2017-Q2,Malta,NA,NA,0.33740000000000003
2017-Q2,Netherlands,0.020499999999999997,0.1319,0.2757
2017-Q2,Norway,0.0151,0.10490000000000001,0.26780000000000004
2017-Q2,Poland,0.0075,0.34340000000000004,0.3258
2017-Q2,Portugal,0.0437,0.2548,0.42229999999999995
2017-Q2,Romania,0.0128,NA,0.38439999999999996
2017-Q2,Slovakia,0.0302,0.5257000000000001,0.3362
2017-Q2,Slovenia,0.0394,0.1014,0.3776
2017-Q2,Spain,0.0385,0.365,0.4061
2017-Q2,Sweden,0.0022,0.1916,0.25420000000000004
2017-Q2,United Kingdom,0.0096,0.08349999999999999,0.35810000000000003
2017-Q2,Australia,0.0141,0.1409,0.3013
2017-Q2,Canada,0.0068000000000000005,0.157,0.3578
2017-Q2,China,NA,NA,0.45049999999999996
2017-Q2,Hong Kong,0.0052,0.1093,0.3575
2017-Q2,India,0.0158,NA,0.46270000000000006
2017-Q2,"Korea, Republic Of",NA,NA,0.3353
2017-Q2,Russian Federation,0.0127,NA,0.3933
2017-Q2,Singapore,0.009300000000000001,0.0602,0.2988
2017-Q2,Switzerland,7.000000000000001e-4,NA,0.3251
2017-Q2,United States,0.0072,0.2005,0.31980000000000003
