iso2,quarter,gdp_growth_yoy,inflation_yoy
AT,2013-Q1,-1.1,2.6
AT,2013-Q2,-0.3,2.2333333333333334
AT,2013-Q3,-0.3,1.9666666666666668
AT,2013-Q4,0.4,1.6666666666666667
AT,2014-Q1,0.8,1.5
AT,2014-Q2,0.9,1.6
AT,2014-Q3,0.7,1.5333333333333332
AT,2014-Q4,1.1,1.2333333333333334
AT,2015-Q1,1.1,0.6333333333333333
AT,2015-Q2,1.2,0.9666666666666667
AT,2015-Q3,1.4,0.9
AT,2015-Q4,1.4,0.7666666666666667
AT,2016-Q1,2.5,1.0333333333333332
AT,2016-Q2,1.9,0.6
AT,2016-Q3,2.1,0.7666666666666667
AT,2016-Q4,2.3,1.5
AT,2017-Q1,2.1,2.2
AT,2017-Q2,2.5,2.1333333333333333
AT,2017-Q3,2.6,2.2
AT,2017-Q4,2.4,2.3666666666666667
AT,2018-Q1,2,1.9333333333333333
AT,2018-Q2,2.5,2.1333333333333333
AT,2018-Q3,2.3,2.2333333333333334
AT,2018-Q4,2.8,2.1333333333333333
AT,2019-Q1,3.3,1.5999999999999999
AT,2019-Q2,1.9,1.6666666666666667
AT,2019-Q3,1.6,1.3666666666666667
AT,2019-Q4,0,1.3333333333333333
AT,2020-Q1,-2.2,2
AT,2020-Q2,-14,1.0666666666666667
AT,2020-Q3,-4.3,1.4666666666666666
AT,2020-Q4,-5.1,1.0666666666666667
AT,2021-Q1,-4.9,1.5
AT,2021-Q2,13.8,2.5666666666666664
AT,2021-Q3,5.3,3.1
AT,2021-Q4,7.1,3.9
AT,2022-Q1,8.5,5.533333333333333
AT,2022-Q2,6.8,7.833333333333333
AT,2022-Q3,3.5,9.9
AT,2022-Q4,3.2,11.1
AT,2023-Q1,2.8,10.6
AT,2023-Q2,-1.3,8.633333333333333
AT,2023-Q3,-1.8,6.766666666666667
AT,2023-Q4,-2.2,5.166666666666667
AT,2024-Q1,-2.1,4.133333333333333
AT,2024-Q2,-1,3.2666666666666666
AT,2024-Q3,-0.6,2.3666666666666667
AT,2024-Q4,0.3,1.9333333333333333
AT,2025-Q1,0.6,3.3
AT,2025-Q2,0.9,3.1666666666666665
AT,2025-Q3,1.3,3.9
AT,2025-Q4,1.1,3.933333333333333
AT,2026-Q1,0.9,2.533333333333333
AT,2026-Q2,0.8,3.4333333333333336
BE,2013-Q1,-0.6,1.4666666666666666
BE,2013-Q2,0.3,1.3333333333333333
BE,2013-Q3,0.5,1.2333333333333334
BE,2013-Q4,0.9,0.9333333333333333
BE,2014-Q1,1.9,0.9
BE,2014-Q2,1.5,0.7
BE,2014-Q3,1.8,0.3666666666666667
BE,2014-Q4,1.9,0
BE,2015-Q1,1.6,-0.36666666666666664
BE,2015-Q2,1.8,0.7000000000000001
BE,2015-Q3,1.3,0.8666666666666667
BE,2015-Q4,1.2,1.3666666666666667
BE,2016-Q1,1.1,1.5
BE,2016-Q2,1.2,1.6333333333333333
BE,2016-Q3,1.2,1.9333333333333333
BE,2016-Q4,1.3,1.9333333333333333
BE,2017-Q1,1.8,2.966666666666667
BE,2017-Q2,1.4,2.033333333333333
BE,2017-Q3,1.2,1.9333333333333333
BE,2017-Q4,1.6,2
BE,2018-Q1,1.4,1.6
BE,2018-Q2,1.7,2.1666666666666665
BE,2018-Q3,2.2,2.7
BE,2018-Q4,2.3,2.7666666666666666
BE,2019-Q1,2.3,2
BE,2019-Q2,2.4,1.6666666666666667
BE,2019-Q3,2.7,0.9
BE,2019-Q4,2.4,0.5
BE,2020-Q1,-0.7,0.9333333333333333
BE,2020-Q2,-12.1,0
BE,2020-Q3,-2.7,0.4333333333333333
BE,2020-Q4,-3.7,0.33333333333333337
BE,2021-Q1,0.5,0.8333333333333334
BE,2021-Q2,14.5,2.4
BE,2021-Q3,4.7,3.3
BE,2021-Q4,6.2,6.366666666666666
BE,2022-Q1,5.1,9.1
BE,2022-Q2,4.7,9.9
BE,2022-Q3,3.5,11
BE,2022-Q4,2.8,11.266666666666666
BE,2023-Q1,2.5,5.9
BE,2023-Q2,1.6,2.533333333333333
BE,2023-Q3,1.1,1.5999999999999999
BE,2023-Q4,1.1,-0.6666666666666666
BE,2024-Q1,1.2,2.966666666666667
BE,2024-Q2,1.1,5.066666666666667
BE,2024-Q3,1.1,4.666666666666667
BE,2024-Q4,0.9,4.566666666666666
BE,2025-Q1,1,4.133333333333334
BE,2025-Q2,1,2.933333333333333
BE,2025-Q3,1,2.6333333333333333
BE,2025-Q4,0.9,2.4333333333333336
BE,2026-Q1,0.8,1.6666666666666667
BE,2026-Q2,0.5,3.8333333333333335
BG,2013-Q1,-1.1,2.1333333333333333
BG,2013-Q2,-1,1.0333333333333332
BG,2013-Q3,-0.4,-0.6666666666666666
BG,2013-Q4,0.1,-1
BG,2014-Q1,0.3,-1.8333333333333333
BG,2014-Q2,1.2,-1.6333333333333333
BG,2014-Q3,1.1,-1.1666666666666667
BG,2014-Q4,1.9,-1.8
BG,2015-Q1,3,-1.7333333333333334
BG,2015-Q2,3,-0.6
BG,2015-Q3,3.8,-0.9333333333333333
BG,2015-Q4,3.5,-1
BG,2016-Q1,3.2,-1.1
BG,2016-Q2,3.3,-2.3
BG,2016-Q3,2.7,-1.1
BG,2016-Q4,3,-0.7666666666666667
BG,2017-Q1,2.8,0.7666666666666667
BG,2017-Q2,2.7,1.4
BG,2017-Q3,3,0.8666666666666667
BG,2017-Q4,2.5,1.7333333333333334
BG,2018-Q1,2.5,1.5666666666666667
BG,2018-Q2,2.6,2.333333333333333
BG,2018-Q3,2.1,3.6333333333333333
BG,2018-Q4,1.9,2.966666666666667
BG,2019-Q1,5.1,2.5
BG,2019-Q2,4,2.7666666666666666
BG,2019-Q3,3.2,2.2333333333333334
BG,2019-Q4,3,2.3000000000000003
BG,2020-Q1,-0.6,2.966666666666667
BG,2020-Q2,-5.8,1.0666666666666667
BG,2020-Q3,-2.5,0.5333333333333333
BG,2020-Q4,-3.1,0.3
BG,2021-Q1,2.1,0.23333333333333336
BG,2021-Q2,9.3,2.2333333333333334
BG,2021-Q3,8.3,2.9
BG,2021-Q4,10.1,6.033333333333333
BG,2022-Q1,5.4,8.866666666666667
BG,2022-Q2,5,13.433333333333334
BG,2022-Q3,3.6,15.166666666666666
BG,2022-Q4,2.8,14.466666666666667
BG,2023-Q1,2.2,13.366666666666667
BG,2023-Q2,1.5,8.8
BG,2023-Q3,1.4,7.233333333333333
BG,2023-Q4,1.7,5.466666666666667
BG,2024-Q1,2.2,3.5
BG,2024-Q2,3.1,2.6666666666666665
BG,2024-Q3,3.5,2.2333333333333334
BG,2024-Q4,3.8,2.033333333333333
BG,2025-Q1,3.5,3.9
BG,2025-Q2,3.4,2.933333333333333
BG,2025-Q3,3.1,3.6666666666666665
BG,2025-Q4,2.9,3.6666666666666665
BG,2026-Q1,2.9,2.4
BG,2026-Q2,2.7,5.833333333333333
CH,2013-Q1,1.5,-0.09999999999999999
CH,2013-Q2,2,-0.13333333333333333
CH,2013-Q3,1.8,0.3666666666666667
CH,2013-Q4,2,0.13333333333333333
CH,2014-Q1,2.3,-0.03333333333333334
CH,2014-Q2,2.5,0.06666666666666667
CH,2014-Q3,2.4,-0.03333333333333334
CH,2014-Q4,2.7,0.03333333333333334
CH,2015-Q1,1.9,-0.30000000000000004
CH,2015-Q2,1.1,-0.8
CH,2015-Q3,1.2,-1.0333333333333334
CH,2015-Q4,1.4,-1.2
CH,2016-Q1,2.1,-1.1333333333333333
CH,2016-Q2,2.4,-0.5333333333333333
CH,2016-Q3,2.2,-0.26666666666666666
CH,2016-Q4,1.1,-0.23333333333333334
CH,2017-Q1,0.7,0.5
CH,2017-Q2,1,0.5
CH,2017-Q3,1.4,0.6333333333333333
CH,2017-Q4,2.7,0.9
CH,2018-Q1,3.9,0.6666666666666666
CH,2018-Q2,4.2,0.7666666666666667
CH,2018-Q3,3,1.2
CH,2018-Q4,2.3,0.9666666666666667
CH,2019-Q1,1.1,0.7
CH,2019-Q2,0.7,0.7666666666666667
CH,2019-Q3,1.4,0.33333333333333337
CH,2019-Q4,1.3,-0.23333333333333334
CH,2020-Q1,0,-0.13333333333333333
CH,2020-Q2,-7,-1.1
CH,2020-Q3,-1.6,-1.2333333333333334
CH,2020-Q4,-0.9,-0.9
CH,2021-Q1,0.9,-0.4
CH,2021-Q2,10.8,0.23333333333333334
CH,2021-Q3,6.7,0.7000000000000001
CH,2021-Q4,6.5,1.3666666666666667
CH,2022-Q1,6,1.8333333333333333
CH,2022-Q2,4.1,2.7333333333333334
CH,2022-Q3,2.5,3.2666666666666666
CH,2022-Q4,1.9,2.8333333333333335
CH,2023-Q1,1.9,3.0333333333333337
CH,2023-Q2,0.6,2.2
CH,2023-Q3,0.5,2
CH,2023-Q4,0.6,1.9000000000000001
CH,2024-Q1,0.4,1.2666666666666666
CH,2024-Q2,1.8,1.4
CH,2024-Q3,1.8,1.0333333333333332
CH,2024-Q4,1.6,0.6
CH,2025-Q1,2.4,0.13333333333333333
CH,2025-Q2,1.6,0.1
CH,2025-Q3,0.7,0.03333333333333334
CH,2025-Q4,0.7,0.1
CH,2026-Q1,0.6,0.43333333333333335
CH,2026-Q2,2.3,0.7
CY,2013-Q1,-7,1.7
CY,2013-Q2,-7.7,0.33333333333333337
CY,2013-Q3,-6.6,0.36666666666666664
CY,2013-Q4,-5,-0.8666666666666667
CY,2014-Q1,-3.5,-1.2666666666666666
CY,2014-Q2,-1.4,-0.16666666666666669
CY,2014-Q3,-1.4,0.5666666666666667
CY,2014-Q4,-0.8,-0.23333333333333334
CY,2015-Q1,1.2,-0.9666666666666667
CY,2015-Q2,2.6,-1.8333333333333333
CY,2015-Q3,4.1,-2.0666666666666664
CY,2015-Q4,5.8,-1.3
CY,2016-Q1,6.6,-1.8333333333333335
CY,2016-Q2,6.4,-2
CY,2016-Q3,6.5,-0.4666666666666667
CY,2016-Q4,6.8,-0.5666666666666667
CY,2017-Q1,7.1,1.2
CY,2017-Q2,5.7,1.3
CY,2017-Q3,5.5,0.16666666666666669
CY,2017-Q4,4.8,0.06666666666666665
CY,2018-Q1,5.4,-0.7666666666666667
CY,2018-Q2,6.6,0.8
CY,2018-Q3,5.9,1.5999999999999999
CY,2018-Q4,7.1,1.5
CY,2019-Q1,6,1.3333333333333335
CY,2019-Q2,6.1,0.5666666666666667
CY,2019-Q3,6.4,0.06666666666666665
CY,2019-Q4,5,0.23333333333333334
CY,2020-Q1,3.3,0.6
CY,2020-Q2,-10.4,-1.6
CY,2020-Q3,-4.9,-2.2666666666666666
CY,2020-Q4,-0.9,-1.1
CY,2021-Q1,2.9,-0.4666666666666667
CY,2021-Q2,18.7,1.6333333333333333
CY,2021-Q3,13.8,3.2
CY,2021-Q4,11.2,4.633333333333334
CY,2022-Q1,10.7,5.666666666666667
CY,2022-Q2,10.1,8.8
CY,2022-Q3,8.6,9.733333333333333
CY,2022-Q4,5.7,8.1
CY,2023-Q1,3.5,6.533333333333333
CY,2023-Q2,4,3.433333333333333
CY,2023-Q3,3,3.2666666666666666
CY,2023-Q4,4,2.6333333333333333
CY,2024-Q1,4.3,1.9333333333333333
CY,2024-Q2,3.7,2.7
CY,2024-Q3,4.3,2.066666666666667
CY,2024-Q4,3.5,2.3000000000000003
CY,2025-Q1,3.6,2.433333333333333
CY,2025-Q2,3.7,0.7666666666666666
CY,2025-Q3,3.5,0.03333333333333334
CY,2025-Q4,4.2,0.13333333333333333
CY,2026-Q1,3,1.2
CY,2026-Q2,3.3,3.533333333333333
CZ,2013-Q1,-1.5,1.7333333333333334
CZ,2013-Q2,-0.5,1.4666666666666666
CZ,2013-Q3,0.1,1.2
CZ,2013-Q4,1.7,1.1
CZ,2014-Q1,1.6,0.3
CZ,2014-Q2,2.2,0.2
CZ,2014-Q3,2.7,0.6666666666666666
CZ,2014-Q4,2.5,0.4666666666666667
CZ,2015-Q1,4.8,0
CZ,2015-Q2,5.3,0.7
CZ,2015-Q3,5.4,0.3333333333333333
CZ,2015-Q4,4.8,0
CZ,2016-Q1,3.3,0.43333333333333335
CZ,2016-Q2,2.1,0.13333333333333333
CZ,2016-Q3,2.1,0.5333333333333333
CZ,2016-Q4,2.4,1.5
CZ,2017-Q1,3.5,2.5
CZ,2017-Q2,6.4,2.3333333333333335
CZ,2017-Q3,6,2.433333333333333
CZ,2017-Q4,5.7,2.5
CZ,2018-Q1,4.6,1.7666666666666668
CZ,2018-Q2,2.1,2.0666666666666664
CZ,2018-Q3,2.1,2.2333333333333334
CZ,2018-Q4,2.4,1.7333333333333334
CZ,2019-Q1,3.5,2.3333333333333335
CZ,2019-Q2,3.6,2.466666666666667
CZ,2019-Q3,3.5,2.6
CZ,2019-Q4,3.3,2.9333333333333336
CZ,2020-Q1,-1.5,3.7
CZ,2020-Q2,-10.6,3.2666666666666666
CZ,2020-Q3,-4.6,3.466666666666667
CZ,2020-Q4,-4.5,2.6999999999999997
CZ,2021-Q1,-1.2,2.2
CZ,2021-Q2,9.6,2.7666666666666666
CZ,2021-Q3,4,3.2666666666666666
CZ,2021-Q4,3.9,5
CZ,2022-Q1,4.8,10.233333333333334
CZ,2022-Q2,3.7,15
CZ,2022-Q3,2,17.400000000000002
CZ,2022-Q4,1,16.5
CZ,2023-Q1,0.2,18
CZ,2023-Q2,0.3,12.666666666666666
CZ,2023-Q3,-0.2,9.533333333333333
CZ,2023-Q4,0.5,8.366666666666667
CZ,2024-Q1,0.6,2.3666666666666667
CZ,2024-Q2,0.5,2.7
CZ,2024-Q3,1.6,2.5666666666666664
CZ,2024-Q4,2,3.1333333333333333
CZ,2025-Q1,2.5,2.8
CZ,2025-Q2,2.8,2.2666666666666666
CZ,2025-Q3,2.8,2.3
CZ,2025-Q4,2.8,1.9666666666666666
CZ,2026-Q1,2.2,1.2333333333333334
CZ,2026-Q2,2,1.6666666666666667
DE,2013-Q1,-0.5,1.8666666666666667
DE,2013-Q2,0.6,1.5333333333333334
DE,2013-Q3,0.9,1.6666666666666667
DE,2013-Q4,1.3,1.3333333333333333
DE,2014-Q1,3,0.9333333333333333
DE,2014-Q2,1.7,0.9
DE,2014-Q3,1.8,0.7666666666666667
DE,2014-Q4,2.5,0.4333333333333333
DE,2015-Q1,1.2,-0.13333333333333333
DE,2015-Q2,1.7,1.2333333333333334
DE,2015-Q3,1.8,1.0666666666666667
DE,2015-Q4,1.4,0.5333333333333333
DE,2016-Q1,2.5,0.13333333333333336
DE,2016-Q2,2.2,-0.1
DE,2016-Q3,2.1,0.39999999999999997
DE,2016-Q4,2,1.0333333333333334
DE,2017-Q1,2.4,1.7666666666666666
DE,2017-Q2,2.9,1.6666666666666667
DE,2017-Q3,3.4,1.8333333333333333
DE,2017-Q4,4,1.5666666666666667
DE,2018-Q1,2.2,1.4666666666666666
DE,2018-Q2,2.1,1.9666666666666668
DE,2018-Q3,0.8,2.166666666666667
DE,2018-Q4,0.1,2.166666666666667
DE,2019-Q1,1.4,1.5999999999999999
DE,2019-Q2,0.7,1.6333333333333333
DE,2019-Q3,1.7,1
DE,2019-Q4,0.8,1.2
DE,2020-Q1,-1.8,1.5333333333333334
DE,2020-Q2,-10.6,0.7000000000000001
DE,2020-Q3,-3.3,-0.16666666666666669
DE,2020-Q4,-2,-0.6333333333333333
DE,2021-Q1,-0.6,1.7333333333333334
DE,2021-Q2,11.6,2.2
DE,2021-Q3,2.8,3.533333333333333
DE,2021-Q4,2.4,5.433333333333334
DE,2022-Q1,3.7,6.066666666666666
DE,2022-Q2,1.5,8.233333333333333
DE,2022-Q3,1.7,9.4
DE,2022-Q4,0.9,10.833333333333334
DE,2023-Q1,-0.6,8.766666666666666
DE,2023-Q2,-0.8,6.8999999999999995
DE,2023-Q3,-1,5.733333333333333
DE,2023-Q4,-0.9,3.033333333333333
DE,2024-Q1,0,2.7
DE,2024-Q2,-0.1,2.5666666666666664
DE,2024-Q3,-0.1,2.1333333333333333
DE,2024-Q4,0.4,2.533333333333333
DE,2025-Q1,0.3,2.5666666666666664
DE,2025-Q2,0.4,2.1
DE,2025-Q3,0.3,2.1
DE,2025-Q4,0.3,2.3
DE,2026-Q1,0.6,2.3
DE,2026-Q2,0.9,2.6666666666666665
DK,2013-Q1,0.9,0.9
DK,2013-Q2,1.1,0.6
DK,2013-Q3,1.8,0.2
DK,2013-Q4,1.8,0.3666666666666667
DK,2014-Q1,1.1,0.43333333333333335
DK,2014-Q2,1,0.4
DK,2014-Q3,1.6,0.36666666666666664
DK,2014-Q4,1.5,0.2
DK,2015-Q1,2.2,-0.03333333333333335
DK,2015-Q2,2.8,0.4
DK,2015-Q3,1.5,0.36666666666666664
DK,2015-Q4,1.9,0.16666666666666666
DK,2016-Q1,2.3,0.06666666666666668
DK,2016-Q2,2.8,-0.1
DK,2016-Q3,3.5,-0.06666666666666667
DK,2016-Q4,3.7,0.16666666666666666
DK,2017-Q1,3.4,0.8333333333333334
DK,2017-Q2,3.6,0.7
DK,2017-Q3,2.5,1.5333333333333334
DK,2017-Q4,2.7,1.1666666666666667
DK,2018-Q1,2.6,0.5
DK,2018-Q2,1.3,0.9333333333333333
DK,2018-Q3,2.1,0.7333333333333334
DK,2018-Q4,1.5,0.7
DK,2019-Q1,1.1,1.1666666666666667
DK,2019-Q2,2,0.7
DK,2019-Q3,1.8,0.43333333333333335
DK,2019-Q4,2,0.6666666666666666
DK,2020-Q1,0.7,0.6
DK,2020-Q2,-6.1,-0.033333333333333326
DK,2020-Q3,-0.7,0.43333333333333335
DK,2020-Q4,-1,0.3666666666666667
DK,2021-Q1,0.3,0.6
DK,2021-Q2,10.3,1.7666666666666666
DK,2021-Q3,6.1,1.9666666666666666
DK,2021-Q4,9.5,3.466666666666667
DK,2022-Q1,3.2,5.4
DK,2022-Q2,1.5,8.233333333333333
DK,2022-Q3,0.9,10.2
DK,2022-Q4,-3.6,10.233333333333333
DK,2023-Q1,3.5,8
DK,2023-Q2,0.2,3.6333333333333333
DK,2023-Q3,-1.2,2.033333333333333
DK,2023-Q4,2.1,0.1
DK,2024-Q1,0.9,0.7666666666666667
DK,2024-Q2,4.2,1.4666666666666668
DK,2024-Q3,5.2,1.2
DK,2024-Q4,5.1,1.6666666666666667
DK,2025-Q1,3.1,1.5999999999999999
DK,2025-Q2,2.9,1.6
DK,2025-Q3,4.6,2.1
DK,2025-Q4,3.2,2
DK,2026-Q1,6.2,0.7
DK,2026-Q2,,1.6
EE,2013-Q1,4,3.8333333333333335
EE,2013-Q2,2.1,3.6999999999999997
EE,2013-Q3,1.1,3.4
EE,2013-Q4,-0.1,2.1
EE,2014-Q1,1.4,1.1333333333333333
EE,2014-Q2,2.1,0.5666666666666667
EE,2014-Q3,3.5,0
EE,2014-Q4,5.4,0.2
EE,2015-Q1,1.9,-0.23333333333333334
EE,2015-Q2,3.3,0.4
EE,2015-Q3,2.9,1.850371707708594e-17
EE,2015-Q4,1.1,0.1
EE,2016-Q1,4.2,0.33333333333333337
EE,2016-Q2,2,0.13333333333333336
EE,2016-Q3,2.3,1.2
EE,2016-Q4,3.7,1.5999999999999999
EE,2017-Q1,4.1,3.0666666666666664
EE,2017-Q2,6.1,3.4
EE,2017-Q3,5.4,4
EE,2017-Q4,5.6,4.1
EE,2018-Q1,4.2,3.2333333333333334
EE,2018-Q2,3.5,3.3
EE,2018-Q3,3.8,3.433333333333333
EE,2018-Q4,3.4,3.6666666666666665
EE,2019-Q1,4.7,2.3
EE,2019-Q2,3.8,2.966666666666667
EE,2019-Q3,3.3,2.1
EE,2019-Q4,2.8,1.6666666666666667
EE,2020-Q1,-0.9,1.5333333333333334
EE,2020-Q2,-6,-1.4333333333333333
EE,2020-Q3,-2.2,-1.3
EE,2020-Q4,-0.9,-1.2666666666666666
EE,2021-Q1,5,0.5666666666666667
EE,2021-Q2,12.9,2.8333333333333335
EE,2021-Q3,7.7,5.433333333333334
EE,2021-Q4,7.3,9.133333333333333
EE,2022-Q1,2.2,12.466666666666667
EE,2022-Q2,-1.3,20.400000000000002
EE,2022-Q3,-1.2,24.166666666666668
EE,2022-Q4,-4.4,20.466666666666665
EE,2023-Q1,-4.3,17.333333333333336
EE,2023-Q2,-3.1,11.133333333333333
EE,2023-Q3,-3,4.8
EE,2023-Q4,-0.8,4.466666666666667
EE,2024-Q1,0.1,4.5
EE,2024-Q2,-0.3,3
EE,2024-Q3,0.1,3.3666666666666667
EE,2024-Q4,-0.3,4.133333333333333
EE,2025-Q1,-0.6,4.3999999999999995
EE,2025-Q2,0.7,4.733333333333333
EE,2025-Q3,1,5.7
EE,2025-Q4,1.2,4.4
EE,2026-Q1,2.4,3.5
EE,2026-Q2,2.1,2.9333333333333336
EL,2013-Q1,-5.5,-0.03333333333333334
EL,2013-Q2,-3.1,-0.36666666666666664
EL,2013-Q3,-1,-0.8333333333333334
EL,2013-Q4,0.5,-2.2
EL,2014-Q1,1,-1.2666666666666666
EL,2014-Q2,1,-1.7333333333333334
EL,2014-Q3,1.4,-0.7000000000000001
EL,2014-Q4,0.1,-1.8333333333333333
EL,2015-Q1,0.7,-2.1999999999999997
EL,2015-Q2,0.4,-1.4333333333333333
EL,2015-Q3,-2.6,-0.8333333333333334
EL,2015-Q4,0.5,0.06666666666666667
EL,2016-Q1,-0.9,-0.23333333333333334
EL,2016-Q2,-0.7,-0.13333333333333333
EL,2016-Q3,1.6,0.16666666666666669
EL,2016-Q4,-0.2,0.2333333333333333
EL,2017-Q1,1,1.5333333333333332
EL,2017-Q2,1.6,1.3333333333333335
EL,2017-Q3,2.2,0.8333333333333334
EL,2017-Q4,0.9,0.8666666666666667
EL,2018-Q1,2.2,0.26666666666666666
EL,2018-Q2,1.8,0.7666666666666667
EL,2018-Q3,1.2,0.9333333333333333
EL,2018-Q4,2.6,1.1666666666666667
EL,2019-Q1,2.2,0.7666666666666667
EL,2019-Q2,3,0.6333333333333333
EL,2019-Q3,2.2,0.23333333333333334
EL,2019-Q4,1.5,0.43333333333333335
EL,2020-Q1,-1.7,0.5666666666666667
EL,2020-Q2,-16,-1.1666666666666665
EL,2020-Q3,-10.3,-2.2333333333333334
EL,2020-Q4,-8,-2.1666666666666665
EL,2021-Q1,-2.2,-2.1
EL,2021-Q2,15,-0.5666666666666667
EL,2021-Q3,11.5,1.2666666666666666
EL,2021-Q4,10.2,3.7333333333333334
EL,2022-Q1,7.7,6.6
EL,2022-Q2,6.5,10.4
EL,2022-Q3,4.5,11.533333333333333
EL,2022-Q4,4.1,8.633333333333333
EL,2023-Q1,2.2,6.4
EL,2023-Q2,3.1,3.8
EL,2023-Q3,1.8,3.1333333333333333
EL,2023-Q4,1.5,3.466666666666667
EL,2024-Q1,1.8,3.2333333333333334
EL,2024-Q2,1.8,2.7
EL,2024-Q3,2.4,3.1
EL,2024-Q4,2.2,3
EL,2025-Q1,2.5,3.066666666666667
EL,2025-Q2,1.7,3.1666666666666665
EL,2025-Q3,2.1,2.8666666666666667
EL,2025-Q4,2.3,2.433333333333333
EL,2026-Q1,2,3.1333333333333333
EL,2026-Q2,,4.466666666666667
ES,2013-Q1,-2.5,2.7666666666666666
ES,2013-Q2,-1.7,1.8333333333333335
ES,2013-Q3,-1.3,1.3333333333333333
ES,2013-Q4,-0.3,0.19999999999999998
ES,2014-Q1,0.4,0.06666666666666667
ES,2014-Q2,1,0.16666666666666666
ES,2014-Q3,1.9,-0.4
ES,2014-Q4,2.7,-0.6000000000000001
ES,2015-Q1,3.6,-1.1666666666666667
ES,2015-Q2,4.2,-0.3333333333333333
ES,2015-Q3,4.3,-0.5333333333333333
ES,2015-Q4,4.2,-0.4666666666666667
ES,2016-Q1,3.7,-0.8
ES,2016-Q2,2.9,-1.0666666666666667
ES,2016-Q3,2.7,-0.3333333333333333
ES,2016-Q4,2.4,0.7999999999999999
ES,2017-Q1,2.4,2.6666666666666665
ES,2017-Q2,3.1,2.066666666666667
ES,2017-Q3,3,1.8333333333333333
ES,2017-Q4,3,1.5666666666666667
ES,2018-Q1,2.7,1.0666666666666667
ES,2018-Q2,2.3,1.8333333333333333
ES,2018-Q3,2.3,2.2666666666666666
ES,2018-Q4,2.2,1.7333333333333332
ES,2019-Q1,2.4,1.1333333333333333
ES,2019-Q2,2.1,1.0333333333333334
ES,2019-Q3,1.7,0.4
ES,2019-Q4,1.7,0.5
ES,2020-Q1,-4.2,0.7000000000000001
ES,2020-Q2,-21.5,-0.6333333333333333
ES,2020-Q3,-9.1,-0.6333333333333333
ES,2020-Q4,-9,-0.7666666666666667
ES,2021-Q1,-2.9,0.5
ES,2021-Q2,19.8,2.3
ES,2021-Q3,5.4,3.4
ES,2021-Q4,6.7,5.833333333333333
ES,2022-Q1,7.1,7.866666666666667
ES,2022-Q2,7.5,8.933333333333334
ES,2022-Q3,6.3,10.066666666666666
ES,2022-Q4,4.7,6.5
ES,2023-Q1,3.6,5
ES,2023-Q2,2,2.7666666666666666
ES,2023-Q3,2,2.6
ES,2023-Q4,2.2,3.3666666666666667
ES,2024-Q1,2.9,3.2333333333333334
ES,2024-Q2,3.7,3.6
ES,2024-Q3,3.6,2.333333333333333
ES,2024-Q4,3.7,2.333333333333333
ES,2025-Q1,3.1,2.6666666666666665
ES,2025-Q2,2.9,2.1666666666666665
ES,2025-Q3,2.7,2.8000000000000003
ES,2025-Q4,2.7,3.1333333333333333
ES,2026-Q1,2.7,2.7666666666666666
ES,2026-Q2,2.7,3.566666666666667
FI,2013-Q1,-2.4,2.5
FI,2013-Q2,-0.9,2.4
FI,2013-Q3,-0.3,2.1333333333333333
FI,2013-Q4,-0.3,1.8
FI,2014-Q1,-0.3,1.6
FI,2014-Q2,-0.6,1.1333333333333333
FI,2014-Q3,-0.5,1.2333333333333334
FI,2014-Q4,-0.5,0.9666666666666667
FI,2015-Q1,-0.4,-0.06666666666666667
FI,2015-Q2,0.8,0.03333333333333334
FI,2015-Q3,0.4,-0.3333333333333333
FI,2015-Q4,1.1,-0.23333333333333334
FI,2016-Q1,3.1,-0.03333333333333334
FI,2016-Q2,1.6,0.3
FI,2016-Q3,2.8,0.5
FI,2016-Q4,2.7,0.7666666666666667
FI,2017-Q1,2.5,1.0666666666666667
FI,2017-Q2,3.9,0.9333333333333333
FI,2017-Q3,3.2,0.7333333333333334
FI,2017-Q4,3.6,0.6333333333333333
FI,2018-Q1,2.8,0.7666666666666667
FI,2018-Q2,1.3,1
FI,2018-Q3,0.7,1.4
FI,2018-Q4,0,1.4666666666666666
FI,2019-Q1,0.7,1.2
FI,2019-Q2,1.6,1.3
FI,2019-Q3,1.7,1.0666666666666667
FI,2019-Q4,1.4,0.9333333333333333
FI,2020-Q1,0.4,1.0666666666666667
FI,2020-Q2,-6.8,-0.1
FI,2020-Q3,-2.3,0.4333333333333333
FI,2020-Q4,-1.1,0.2
FI,2021-Q1,-1.6,1.1
FI,2021-Q2,6.9,2.1333333333333333
FI,2021-Q3,3,1.9000000000000001
FI,2021-Q4,2.7,3.1666666666666665
FI,2022-Q1,2.7,4.766666666666667
FI,2022-Q2,1.5,7
FI,2022-Q3,0.3,8.1
FI,2022-Q4,-1.4,8.766666666666667
FI,2023-Q1,-0.7,7.533333333333333
FI,2023-Q2,-0.9,5.133333333333333
FI,2023-Q3,-2.2,3.4333333333333336
FI,2023-Q4,-1.4,1.4666666666666666
FI,2024-Q1,-0.4,0.9333333333333333
FI,2024-Q2,-0.2,0.5
FI,2024-Q3,2.1,0.8666666666666667
FI,2024-Q4,2.1,1.6
FI,2025-Q1,1.3,1.6666666666666667
FI,2025-Q2,1,1.9333333333333333
FI,2025-Q3,0.2,2.1
FI,2025-Q4,0.7,1.5333333333333332
FI,2026-Q1,1.4,1.7666666666666666
FI,2026-Q2,2.2,2.6333333333333333
FR,2013-Q1,0.1,1.2333333333333334
FR,2013-Q2,1.4,0.9
FR,2013-Q3,0.8,1.0666666666666667
FR,2013-Q4,1.5,0.7666666666666667
FR,2014-Q1,1.3,0.9
FR,2014-Q2,0.6,0.7333333333333334
FR,2014-Q3,1.5,0.5
FR,2014-Q4,0.6,0.33333333333333337
FR,2015-Q1,1.2,-0.23333333333333334
FR,2015-Q2,1,0.23333333333333334
FR,2015-Q3,0.6,0.13333333333333333
FR,2015-Q4,1.2,0.2
FR,2016-Q1,0.9,0.033333333333333326
FR,2016-Q2,0.6,0.09999999999999999
FR,2016-Q3,0.5,0.43333333333333335
FR,2016-Q4,0.9,0.6666666666666666
FR,2017-Q1,1.2,1.4666666666666666
FR,2017-Q2,2.2,1.0333333333333332
FR,2017-Q3,2.8,0.9666666666666667
FR,2017-Q4,2.8,1.2
FR,2018-Q1,2,1.5
FR,2018-Q2,1.5,2.1333333333333333
FR,2018-Q3,1.3,2.566666666666667
FR,2018-Q4,1.4,2.2
FR,2019-Q1,2.5,1.4333333333333333
FR,2019-Q2,2.7,1.3333333333333333
FR,2019-Q3,2.2,1.2333333333333334
FR,2019-Q4,1,1.2333333333333334
FR,2020-Q1,-5,1.3666666666666667
FR,2020-Q2,-17,0.33333333333333337
FR,2020-Q3,-4.5,0.3666666666666667
FR,2020-Q4,-4,0.1
FR,2021-Q1,1.5,1
FR,2021-Q2,17,1.7666666666666666
FR,2021-Q3,4.7,2.2
FR,2021-Q4,5.2,3.3333333333333335
FR,2022-Q1,4.7,4.2
FR,2022-Q2,3.9,5.9
FR,2022-Q3,1.4,6.533333333333333
FR,2022-Q4,1.3,6.966666666666667
FR,2023-Q1,1.4,7
FR,2023-Q2,2,6.066666666666666
FR,2023-Q3,1.9,5.5
FR,2023-Q4,2,4.166666666666666
FR,2024-Q1,2.1,3
FR,2024-Q2,1.4,2.5
FR,2024-Q3,1.4,2.1
FR,2024-Q4,0.9,1.7
FR,2025-Q1,0.8,1.2
FR,2025-Q2,0.8,0.8
FR,2025-Q3,0.8,0.9333333333333333
FR,2025-Q4,1.1,0.7666666666666667
FR,2026-Q1,0.8,1.1666666666666667
FR,2026-Q2,0.7,2.433333333333333
HR,2013-Q1,-0.9,4.133333333333333
HR,2013-Q2,0.5,2.3666666666666667
HR,2013-Q3,-0.2,2.2666666666666666
HR,2013-Q4,0.1,0.6666666666666666
HR,2014-Q1,-0.8,0.03333333333333334
HR,2014-Q2,-0.7,0.26666666666666666
HR,2014-Q3,-0.8,0.3333333333333333
HR,2014-Q4,0.2,0.23333333333333334
HR,2015-Q1,1.7,-0.3333333333333333
HR,2015-Q2,1.6,0
HR,2015-Q3,3.9,-0.26666666666666666
HR,2015-Q4,1.7,-0.4
HR,2016-Q1,4.5,-0.5666666666666667
HR,2016-Q2,3.1,-1.1
HR,2016-Q3,1.9,-1.1
HR,2016-Q4,4.8,0.19999999999999998
HR,2017-Q1,2.3,1.1333333333333333
HR,2017-Q2,3.4,1.1666666666666667
HR,2017-Q3,4.1,1.4333333333333333
HR,2017-Q4,3.1,1.5
HR,2018-Q1,2.1,1.1
HR,2018-Q2,3.8,1.8
HR,2018-Q3,2.8,1.9666666666666668
HR,2018-Q4,2.9,1.3333333333333333
HR,2019-Q1,4.7,0.8333333333333334
HR,2019-Q2,3.3,0.7666666666666667
HR,2019-Q3,2.8,0.7
HR,2019-Q4,2,0.9
HR,2020-Q1,-1.4,1.1666666666666667
HR,2020-Q2,-15.6,-0.4
HR,2020-Q3,-11.1,-0.43333333333333335
HR,2020-Q4,-3.5,-0.16666666666666666
HR,2021-Q1,3.5,0.7666666666666667
HR,2021-Q2,19.7,2.2333333333333334
HR,2021-Q3,16.1,3.1
HR,2021-Q4,10.7,4.6
HR,2022-Q1,7.9,6.366666666666666
HR,2022-Q2,9.4,10.799999999999999
HR,2022-Q3,8.2,12.633333333333333
HR,2022-Q4,3.7,12.799999999999999
HR,2023-Q1,2.6,11.566666666666666
HR,2023-Q2,3.7,8.5
HR,2023-Q3,2.9,7.933333333333334
HR,2023-Q4,5.7,5.866666666666667
HR,2024-Q1,4.2,4.833333333333333
HR,2024-Q2,3.3,4.166666666666667
HR,2024-Q3,4.4,3.1333333333333333
HR,2024-Q4,3.4,4.033333333333333
HR,2025-Q1,3.9,4.7
HR,2025-Q2,3.5,4.233333333333333
HR,2025-Q3,2.9,4.566666666666666
HR,2025-Q4,3.5,4.033333333333333
HR,2026-Q1,2.4,4.033333333333333
HR,2026-Q2,,4.833333333333334
HU,2013-Q1,-0.3,2.6666666666666665
HU,2013-Q2,1.6,1.8666666666666667
HU,2013-Q3,2.9,1.6666666666666667
HU,2013-Q4,4,0.7000000000000001
HU,2014-Q1,4.3,0.43333333333333335
HU,2014-Q2,4.7,-0.1
HU,2014-Q3,4.1,0.09999999999999998
HU,2014-Q4,3.8,-0.3333333333333333
HU,2015-Q1,4.5,-0.9333333333333333
HU,2015-Q2,3.3,0.4333333333333333
HU,2015-Q3,3.1,0.16666666666666669
HU,2015-Q4,3.6,0.6
HU,2016-Q1,1.7,0.3666666666666667
HU,2016-Q2,2.9,0.033333333333333326
HU,2016-Q3,2.6,0.09999999999999998
HU,2016-Q4,2.4,1.3333333333333335
HU,2017-Q1,3.9,2.6666666666666665
HU,2017-Q2,3.9,2.1333333333333333
HU,2017-Q3,4.3,2.466666666666667
HU,2017-Q4,4.9,2.3333333333333335
HU,2018-Q1,5.7,2
HU,2018-Q2,5.4,2.8333333333333335
HU,2018-Q3,6,3.5
HU,2018-Q4,5.6,3.3
HU,2019-Q1,5.7,3.2666666666666666
HU,2019-Q2,5.1,3.7666666666666666
HU,2019-Q3,5,3.1333333333333333
HU,2019-Q4,4.5,3.5
HU,2020-Q1,2.1,4.333333333333334
HU,2020-Q2,-13,2.533333333333333
HU,2020-Q3,-4.1,3.7666666666666666
HU,2020-Q4,-3,2.8666666666666667
HU,2021-Q1,-1.5,3.3666666666666667
HU,2021-Q2,17.7,5.266666666666667
HU,2021-Q3,6.6,5.033333333333333
HU,2021-Q4,7.4,7.166666666666667
HU,2022-Q1,7.3,8.3
HU,2022-Q2,6,11
HU,2022-Q3,3.5,18
HU,2022-Q4,0.1,23.333333333333332
HU,2023-Q1,-1.5,25.866666666666667
HU,2023-Q2,-2.3,22.066666666666666
HU,2023-Q3,0.1,14.633333333333333
HU,2023-Q4,1,7.6
HU,2024-Q1,1.6,3.6333333333333333
HU,2024-Q2,1.4,3.7
HU,2024-Q3,-0.2,3.5
HU,2024-Q4,0.1,4.033333333333333
HU,2025-Q1,-0.3,5.4
HU,2025-Q2,0.4,4.433333333333334
HU,2025-Q3,0.9,4.233333333333333
HU,2025-Q4,0.8,3.7333333333333334
HU,2026-Q1,1.7,2
HU,2026-Q2,1.6,2.3333333333333335
IE,2013-Q1,0.8,1.1
IE,2013-Q2,-0.6,0.5333333333333333
IE,2013-Q3,5.6,0.3
IE,2013-Q4,3.6,0.16666666666666666
IE,2014-Q1,9.7,0.2
IE,2014-Q2,10.4,0.4
IE,2014-Q3,7.8,0.5
IE,2014-Q4,10.1,0.10000000000000002
IE,2015-Q1,28,-0.33333333333333337
IE,2015-Q2,21.7,0.1
IE,2015-Q3,23.9,0.1
IE,2015-Q4,24.7,0
IE,2016-Q1,-1.6,-0.26666666666666666
IE,2016-Q2,0.2,-0.1
IE,2016-Q3,-2.1,-0.2
IE,2016-Q4,8.3,-0.26666666666666666
IE,2017-Q1,7.7,0.36666666666666664
IE,2017-Q2,9.4,0.033333333333333326
IE,2017-Q3,15.7,0.13333333333333333
IE,2017-Q4,7.8,0.5
IE,2018-Q1,11.4,0.5
IE,2018-Q2,10.8,0.4333333333333333
IE,2018-Q3,6.1,1.0333333333333332
IE,2018-Q4,3.2,0.9
IE,2019-Q1,3.4,0.8666666666666667
IE,2019-Q2,4.4,1.2666666666666666
IE,2019-Q3,5.7,0.5666666666666667
IE,2019-Q4,6.2,0.8333333333333334
IE,2020-Q1,9.3,0.8333333333333334
IE,2020-Q2,1.9,-0.5666666666666667
IE,2020-Q3,11.9,-0.9666666666666667
IE,2020-Q4,5.9,-1.1666666666666667
IE,2021-Q1,13.1,-0.13333333333333336
IE,2021-Q2,22.9,1.5333333333333334
IE,2021-Q3,14.1,3
IE,2021-Q4,15.7,5.4
IE,2022-Q1,7.6,5.866666666666667
IE,2022-Q2,8.2,8.4
IE,2022-Q3,7.9,9.066666666666666
IE,2022-Q4,9.5,8.866666666666667
IE,2023-Q1,0.9,7.533333333333333
IE,2023-Q2,-1.7,5.5
IE,2023-Q3,-4.8,4.833333333333333
IE,2023-Q4,-7.8,3.1
IE,2024-Q1,-0.7,2.2333333333333334
IE,2024-Q2,-1.4,1.7
IE,2024-Q3,4.9,0.8666666666666667
IE,2024-Q4,12.1,0.5333333333333333
IE,2025-Q1,16.8,1.6333333333333333
IE,2025-Q2,11.7,1.6666666666666667
IE,2025-Q3,5.2,2.066666666666667
IE,2025-Q4,-0.2,2.8666666666666667
IE,2026-Q1,-13.2,2.8666666666666667
IE,2026-Q2,-5.6,3.4333333333333336
IT,2013-Q1,-3.1,2.0666666666666664
IT,2013-Q2,-2.3,1.2
IT,2013-Q3,-1.3,1.0666666666666667
IT,2013-Q4,-0.7,0.6333333333333333
IT,2014-Q1,0.2,0.43333333333333335
IT,2014-Q2,0.3,0.4
IT,2014-Q3,-0.1,-0.06666666666666667
IT,2014-Q4,-0.1,0.16666666666666666
IT,2015-Q1,0.3,-0.13333333333333333
IT,2015-Q2,0.7,0.1
IT,2015-Q3,0.7,0.3
IT,2015-Q4,1.3,0.16666666666666666
IT,2016-Q1,1.1,0
IT,2016-Q2,1,-0.3
IT,2016-Q3,1.7,-0.06666666666666667
IT,2016-Q4,1.6,0.16666666666666669
IT,2017-Q1,1.9,1.3333333333333333
IT,2017-Q2,2,1.6
IT,2017-Q3,1.4,1.3
IT,2017-Q4,1.6,1.0666666666666667
IT,2018-Q1,1,0.8666666666666667
IT,2018-Q2,0.8,1
IT,2018-Q3,0.6,1.6666666666666667
IT,2018-Q4,0.3,1.5
IT,2019-Q1,0.7,1.0333333333333334
IT,2019-Q2,0.8,0.9333333333333333
IT,2019-Q3,0.4,0.3333333333333333
IT,2019-Q4,-0.2,0.3
IT,2020-Q1,-6.1,0.23333333333333334
IT,2020-Q2,-18.1,-0.2
IT,2020-Q3,-6,-0.2333333333333333
IT,2020-Q4,-5.5,-0.39999999999999997
IT,2021-Q1,1.8,0.7666666666666666
IT,2021-Q2,19.3,1.1666666666666667
IT,2021-Q3,7,2.1333333333333333
IT,2021-Q4,8.4,3.7666666666666666
IT,2022-Q1,7.4,6.033333333333333
IT,2022-Q2,6.4,7.366666666666666
IT,2022-Q3,4.1,8.966666666666667
IT,2022-Q4,2.2,12.5
IT,2023-Q1,2.1,9.533333333333333
IT,2023-Q2,0.5,7.766666666666667
IT,2023-Q3,0.5,5.8
IT,2023-Q4,1.1,0.9666666666666667
IT,2024-Q1,0.6,0.9666666666666667
IT,2024-Q2,0.7,0.8666666666666667
IT,2024-Q3,0.6,1.1666666666666667
IT,2024-Q4,0.4,1.3
IT,2025-Q1,0.7,1.8333333333333333
IT,2025-Q2,0.5,1.8333333333333333
IT,2025-Q3,0.7,1.7
IT,2025-Q4,0.8,1.2
IT,2026-Q1,0.8,1.3666666666666667
IT,2026-Q2,1,3
LT,2013-Q1,3.8,2.2
LT,2013-Q2,4.7,1.4
LT,2013-Q3,3.8,0.5333333333333333
LT,2013-Q4,4,0.5333333333333333
LT,2014-Q1,4.6,0.3
LT,2014-Q2,4.4,0.23333333333333334
LT,2014-Q3,3.4,0.26666666666666666
LT,2014-Q4,2.8,0.2
LT,2015-Q1,2.4,-1.3333333333333333
LT,2015-Q2,2.6,-0.26666666666666666
LT,2015-Q3,3.3,-0.6666666666666667
LT,2015-Q4,3.1,-0.3666666666666667
LT,2016-Q1,2.1,0.6666666666666666
LT,2016-Q2,2.1,0.4666666666666667
LT,2016-Q3,2.4,0.36666666666666664
LT,2016-Q4,3.8,1.2666666666666666
LT,2017-Q1,5.2,2.966666666666667
LT,2017-Q2,4.9,3.4
LT,2017-Q3,4.3,4.433333333333333
LT,2017-Q4,4.4,4.066666666666666
LT,2018-Q1,4.5,3.1
LT,2018-Q2,5.3,2.566666666666667
LT,2018-Q3,4.6,2.1666666666666665
LT,2018-Q4,5,2.333333333333333
LT,2019-Q1,4.8,2.066666666666667
LT,2019-Q2,4.9,2.533333333333333
LT,2019-Q3,4.8,2.3333333333333335
LT,2019-Q4,4.4,1.9666666666666668
LT,2020-Q1,2.7,2.5
LT,2020-Q2,-4.2,0.6666666666666667
LT,2020-Q3,1.4,0.9
LT,2020-Q4,0.3,0.26666666666666666
LT,2021-Q1,3,0.7333333333333334
LT,2021-Q2,10.1,3.1333333333333333
LT,2021-Q3,5.8,5.233333333333333
LT,2021-Q4,6.8,9.4
LT,2022-Q1,5.4,13.966666666666667
LT,2022-Q2,2.6,18.533333333333335
LT,2022-Q3,1.8,21.5
LT,2022-Q4,0.1,21.166666666666668
LT,2023-Q1,-1.1,16.966666666666665
LT,2023-Q2,1.9,10.733333333333333
LT,2023-Q3,1.1,5.9
LT,2023-Q4,1.3,2.3333333333333335
LT,2024-Q1,3.1,0.8666666666666667
LT,2024-Q2,1.9,0.7666666666666667
LT,2024-Q3,3,0.7666666666666667
LT,2024-Q4,4,1.0333333333333332
LT,2025-Q1,2.9,3.4333333333333336
LT,2025-Q2,3.2,3.2666666666666666
LT,2025-Q3,2.2,3.566666666666667
LT,2025-Q4,3.3,3.5
LT,2026-Q1,2.8,3.5
LT,2026-Q2,3.8,5.133333333333334
LU,2013-Q1,2,2.1666666666666665
LU,2013-Q2,4.3,1.7
LU,2013-Q3,4.2,1.7
LU,2013-Q4,2.2,1.2
LU,2014-Q1,3.5,1.0333333333333334
LU,2014-Q2,0,1.1666666666666665
LU,2014-Q3,1.8,0.7333333333333333
LU,2014-Q4,5.2,-0.09999999999999998
LU,2015-Q1,2.7,-0.4666666666666667
LU,2015-Q2,4.6,0.3
LU,2015-Q3,2.2,0.033333333333333326
LU,2015-Q4,-0.3,0.39999999999999997
LU,2016-Q1,3.7,-0.13333333333333333
LU,2016-Q2,4.5,-0.5333333333333333
LU,2016-Q3,5.7,-0.10000000000000002
LU,2016-Q4,6.1,0.9666666666666667
LU,2017-Q1,1.5,2.566666666666667
LU,2017-Q2,1,2
LU,2017-Q3,1.3,2.033333333333333
LU,2017-Q4,1.6,1.8666666666666667
LU,2018-Q1,2.9,1.1666666666666667
LU,2018-Q2,1.6,1.9333333333333333
LU,2018-Q3,1.2,2.533333333333333
LU,2018-Q4,1,2.433333333333333
LU,2019-Q1,1.5,2.033333333333333
LU,2019-Q2,3.4,1.9666666666666668
LU,2019-Q3,3.1,1.3666666666666667
LU,2019-Q4,3.1,1.2
LU,2020-Q1,2.1,1.5333333333333334
LU,2020-Q2,-6.4,-0.9333333333333333
LU,2020-Q3,1.1,-0.13333333333333333
LU,2020-Q4,1.3,-0.4666666666666667
LU,2021-Q1,5.1,1.0333333333333334
LU,2021-Q2,12.6,3.5666666666666664
LU,2021-Q3,4.6,3.6
LU,2021-Q4,5.9,5.666666666666667
LU,2022-Q1,0.3,6.766666666666667
LU,2022-Q2,-0.2,9.466666666666667
LU,2022-Q3,-0.7,8.9
LU,2022-Q4,-3.7,7.433333333333334
LU,2023-Q1,-0.7,4.5
LU,2023-Q2,0.4,1.9000000000000001
LU,2023-Q3,0.6,2.966666666666667
LU,2023-Q4,0,2.466666666666667
LU,2024-Q1,2.4,3.1333333333333333
LU,2024-Q2,0.8,3
LU,2024-Q3,-2.2,1.7333333333333334
LU,2024-Q4,0.4,1.2000000000000002
LU,2025-Q1,-2.2,1.9333333333333333
LU,2025-Q2,-0.5,2.0666666666666664
LU,2025-Q3,3.2,2.8333333333333335
LU,2025-Q4,2.1,3.3
LU,2026-Q1,1.6,2.4
LU,2026-Q2,,4.466666666666667
LV,2013-Q1,0.8,0.39999999999999997
LV,2013-Q2,2,-0.13333333333333333
LV,2013-Q3,2.7,0
LV,2013-Q4,2.7,-0.23333333333333334
LV,2014-Q1,2.8,0.43333333333333335
LV,2014-Q2,2.2,0.8
LV,2014-Q3,1.9,0.8666666666666667
LV,2014-Q4,1.7,0.6333333333333333
LV,2015-Q1,2.7,0.06666666666666668
LV,2015-Q2,3.8,0.8333333333333333
LV,2015-Q3,4.5,-0.13333333333333333
LV,2015-Q4,3.9,0.1
LV,2016-Q1,3.8,-0.5
LV,2016-Q2,2.8,-0.7
LV,2016-Q3,1.2,0.16666666666666669
LV,2016-Q4,2.6,1.4666666666666668
LV,2017-Q1,2.6,3.1333333333333333
LV,2017-Q2,2.8,3.033333333333333
LV,2017-Q3,3.8,2.9333333333333336
LV,2017-Q4,3.4,2.5333333333333337
LV,2018-Q1,3.5,2.033333333333333
LV,2018-Q2,4.5,2.4
LV,2018-Q3,4.1,2.933333333333333
LV,2018-Q4,4.2,2.8666666666666667
LV,2019-Q1,2.8,2.8
LV,2019-Q2,1.1,3.3
LV,2019-Q3,0.9,2.8
LV,2019-Q4,-0.6,2.1
LV,2020-Q1,-0.9,1.9666666666666666
LV,2020-Q2,-10.4,-0.7000000000000001
LV,2020-Q3,-1.4,-0.26666666666666666
LV,2020-Q4,-0.3,-0.6333333333333333
LV,2021-Q1,0.4,-0.13333333333333333
LV,2021-Q2,12.4,2.3333333333333335
LV,2021-Q3,7.6,3.7
LV,2021-Q4,7,7.1000000000000005
LV,2022-Q1,6.4,9.266666666666667
LV,2022-Q2,5,16.366666666666667
LV,2022-Q3,-0.8,21.566666666666666
LV,2022-Q4,-0.6,21.366666666666667
LV,2023-Q1,-0.1,19.566666666666666
LV,2023-Q2,-1,11.8
LV,2023-Q3,-1.3,5.266666666666667
LV,2023-Q4,-2,1.4333333333333333
LV,2024-Q1,-2.1,0.9
LV,2024-Q2,-0.3,0.8666666666666667
LV,2024-Q3,0.2,1.1
LV,2024-Q4,1.2,2.6
LV,2025-Q1,1.9,3.4333333333333336
LV,2025-Q2,1.7,3.8666666666666667
LV,2025-Q3,2.3,4.1
LV,2025-Q4,2.6,3.833333333333333
LV,2026-Q1,2.5,2.9
LV,2026-Q2,,3.2333333333333334
MT,2013-Q1,4.9,1.8666666666666667
MT,2013-Q2,6.9,0.7666666666666667
MT,2013-Q3,6.9,0.7333333333333333
MT,2013-Q4,6.5,0.5666666666666667
MT,2014-Q1,7.8,1.3333333333333335
MT,2014-Q2,6.5,0.5333333333333333
MT,2014-Q3,6.5,0.6666666666666666
MT,2014-Q4,9.8,0.6
MT,2015-Q1,9.7,0.6333333333333333
MT,2015-Q2,10.3,1.2666666666666666
MT,2015-Q3,9.9,1.4
MT,2015-Q4,8.7,1.4000000000000001
MT,2016-Q1,4.9,0.9333333333333333
MT,2016-Q2,3.5,0.9333333333333333
MT,2016-Q3,4.2,0.9333333333333333
MT,2016-Q4,3.8,0.7666666666666667
MT,2017-Q1,12.9,1.2666666666666666
MT,2017-Q2,13,1.0666666666666667
MT,2017-Q3,13,1.2
MT,2017-Q4,12.9,1.4333333333333333
MT,2018-Q1,4.9,1.2666666666666666
MT,2018-Q2,7.5,1.7
MT,2018-Q3,8.7,2.3333333333333335
MT,2018-Q4,7.5,1.5666666666666667
MT,2019-Q1,5.8,1.2
MT,2019-Q2,4.8,1.7333333333333334
MT,2019-Q3,2.8,1.7666666666666666
MT,2019-Q4,3.3,1.3333333333333333
MT,2020-Q1,6.2,1.2333333333333334
MT,2020-Q2,-9.4,1
MT,2020-Q3,-6.5,0.6333333333333333
MT,2020-Q4,-3.8,0.3333333333333333
MT,2021-Q1,1.4,0.13333333333333333
MT,2021-Q2,17.7,0.16666666666666669
MT,2021-Q3,18.7,0.4666666666666667
MT,2021-Q4,16.3,2.1333333333333333
MT,2022-Q1,3.4,4.266666666666667
MT,2022-Q2,4.1,5.766666666666667
MT,2022-Q3,0.7,7.066666666666666
MT,2022-Q4,2.5,7.3
MT,2023-Q1,10.1,6.966666666666667
MT,2023-Q2,11,6.3
MT,2023-Q3,11.4,5.166666666666667
MT,2023-Q4,10.1,3.9333333333333336
MT,2024-Q1,8.9,3.1333333333333333
MT,2024-Q2,8.1,2.3
MT,2024-Q3,5.3,2.2666666666666666
MT,2024-Q4,2.8,2.1
MT,2025-Q1,3.7,1.9666666666666668
MT,2025-Q2,2.3,2.6
MT,2025-Q3,3.6,2.533333333333333
MT,2025-Q4,4.9,2.466666666666667
MT,2026-Q1,4.3,2.3
MT,2026-Q2,,2.2
NL,2013-Q1,-1.1,3.2
NL,2013-Q2,-0.6,3.033333333333333
NL,2013-Q3,0.3,2.7666666666666666
NL,2013-Q4,1.5,1.3
NL,2014-Q1,1.8,0.43333333333333335
NL,2014-Q2,1.7,0.3333333333333333
NL,2014-Q3,1.1,0.3333333333333333
NL,2014-Q4,1.9,0.2
NL,2015-Q1,2,-0.5
NL,2015-Q2,2.2,0.39999999999999997
NL,2015-Q3,2.7,0.5
NL,2015-Q4,1.5,0.43333333333333335
NL,2016-Q1,1.8,0.3333333333333333
NL,2016-Q2,2.1,-0.2
NL,2016-Q3,2.6,-0.2
NL,2016-Q4,3.2,0.4666666666666667
NL,2017-Q1,3.1,1.3
NL,2017-Q2,2.8,1.0333333333333332
NL,2017-Q3,2.7,1.4666666666666666
NL,2017-Q4,2.5,1.3333333333333333
NL,2018-Q1,2.6,1.2666666666666666
NL,2018-Q2,2.6,1.5333333333333332
NL,2018-Q3,2.1,1.8
NL,2018-Q4,1.7,1.8333333333333333
NL,2019-Q1,2.3,2.5
NL,2019-Q2,2.2,2.6666666666666665
NL,2019-Q3,2.5,2.8000000000000003
NL,2019-Q4,2.2,2.7333333333333334
NL,2020-Q1,-0.1,1.3666666666666667
NL,2020-Q2,-8.8,1.2666666666666666
NL,2020-Q3,-3.3,0.9666666666666667
NL,2020-Q4,-3.1,0.9333333333333333
NL,2021-Q1,-1,1.8
NL,2021-Q2,12.2,1.8
NL,2021-Q3,7.2,2.3666666666666667
NL,2021-Q4,6.9,5.333333333333334
NL,2022-Q1,7.2,8.866666666666667
NL,2022-Q2,5.6,10.433333333333334
NL,2022-Q3,3.8,14.133333333333333
NL,2022-Q4,3.6,13.033333333333333
NL,2023-Q1,1.8,7.266666666666667
NL,2023-Q2,-1,6.333333333333333
NL,2023-Q3,-1.7,2.8
NL,2023-Q4,-1.3,0.4666666666666667
NL,2024-Q1,-0.6,2.966666666666667
NL,2024-Q2,0.7,2.9
NL,2024-Q3,2,3.3666666666666667
NL,2024-Q4,2.1,3.6666666666666665
NL,2025-Q1,2,3.3
NL,2025-Q2,1.5,3.2333333333333334
NL,2025-Q3,1.3,2.6333333333333333
NL,2025-Q4,1.4,2.7666666666666666
NL,2026-Q1,1.4,2.3666666666666667
NL,2026-Q2,1.5,2.8
NO,2013-Q1,0.3,1
NO,2013-Q2,0.7,1.8
NO,2013-Q3,2.4,2.966666666666667
NO,2013-Q4,1.7,2.1333333333333333
NO,2014-Q1,2,1.9666666666666666
NO,2014-Q2,2,1.7
NO,2014-Q3,1.6,2.033333333333333
NO,2014-Q4,2.7,1.9666666666666666
NO,2015-Q1,2.3,1.7666666666666666
NO,2015-Q2,2.1,2.0666666666666664
NO,2015-Q3,2.7,1.7
NO,2015-Q4,1.1,2.5
NO,2016-Q1,1,3.3333333333333335
NO,2016-Q2,1,3.7666666666666666
NO,2016-Q3,-0.6,4.533333333333333
NO,2016-Q4,2.5,3.933333333333333
NO,2017-Q1,2.5,2.7
NO,2017-Q2,3.6,2.1333333333333333
NO,2017-Q3,5.1,1.4333333333333333
NO,2017-Q4,1.4,1.1666666666666667
NO,2018-Q1,1.9,2.033333333333333
NO,2018-Q2,0.7,2.533333333333333
NO,2018-Q3,0.9,3.7333333333333334
NO,2018-Q4,1.5,3.7666666666666666
NO,2019-Q1,1,3.4
NO,2019-Q2,0.9,2.7
NO,2019-Q3,0.3,1.6
NO,2019-Q4,3.5,1.4666666666666666
NO,2020-Q1,0.1,0.9666666666666667
NO,2020-Q2,-3.3,1
NO,2020-Q3,-0.3,1.4666666666666666
NO,2020-Q4,-3.6,1.1666666666666665
NO,2021-Q1,0.9,3.2333333333333334
NO,2021-Q2,4.7,3
NO,2021-Q3,5.2,3.9666666666666663
NO,2021-Q4,6.1,5.3
NO,2022-Q1,4.6,3.7666666666666666
NO,2022-Q2,5.6,6.366666666666667
NO,2022-Q3,3.4,7.366666666666666
NO,2022-Q4,2.6,7.333333333333333
NO,2023-Q1,2.8,7.5
NO,2023-Q2,0.6,6.966666666666667
NO,2023-Q3,-1.9,4.433333333333334
NO,2023-Q4,0.9,4.3
NO,2024-Q1,0.7,4.2
NO,2024-Q2,2.5,2.8
NO,2024-Q3,2.5,2.466666666666667
NO,2024-Q4,0.1,1.9333333333333333
NO,2025-Q1,0.3,2.5
NO,2025-Q2,0.2,2.5
NO,2025-Q3,2.3,3.4
NO,2025-Q4,2,2.9
NO,2026-Q1,2,3.2333333333333334
NO,2026-Q2,,3.033333333333333
PL,2013-Q1,-0.4,1.2666666666666666
PL,2013-Q2,0.4,0.5333333333333333
PL,2013-Q3,1.1,0.8666666666666667
PL,2013-Q4,1.8,0.6
PL,2014-Q1,3.4,0.6333333333333333
PL,2014-Q2,3.8,0.3
PL,2014-Q3,3.9,-0.16666666666666666
PL,2014-Q4,4.1,-0.4333333333333333
PL,2015-Q1,4.5,-1.2
PL,2015-Q2,3.9,-0.6333333333333333
PL,2015-Q3,4.4,-0.4666666666666667
PL,2015-Q4,4.4,-0.5
PL,2016-Q1,2.5,-0.3
PL,2016-Q2,3.5,-0.43333333333333335
PL,2016-Q3,2.8,-0.43333333333333335
PL,2016-Q4,4,0.4
PL,2017-Q1,5.3,1.7
PL,2017-Q2,4.9,1.5333333333333334
PL,2017-Q3,5.8,1.4666666666666666
PL,2017-Q4,5.2,1.7666666666666666
PL,2018-Q1,6,1
PL,2018-Q2,6.5,1.1666666666666665
PL,2018-Q3,6.3,1.4333333333333333
PL,2018-Q4,5.8,1.1666666666666667
PL,2019-Q1,5.3,1.2
PL,2019-Q2,4.7,2.2
PL,2019-Q3,4.2,2.5
PL,2019-Q4,4,2.5666666666666664
PL,2020-Q1,2.9,3.933333333333333
PL,2020-Q2,-7.1,3.3666666666666667
PL,2020-Q3,-1.8,3.7333333333333334
PL,2020-Q4,-2.4,3.6333333333333333
PL,2021-Q1,-0.5,3.8666666666666667
PL,2021-Q2,12,4.6
PL,2021-Q3,7.3,5.1
PL,2021-Q4,9.2,7.266666666666667
PL,2022-Q1,10.2,9
PL,2022-Q2,6.3,12.8
PL,2022-Q3,4.8,14.9
PL,2022-Q4,1.1,15.933333333333334
PL,2023-Q1,-1.2,16.1
PL,2023-Q2,-0.7,12.5
PL,2023-Q3,0.7,9.166666666666668
PL,2023-Q4,1.9,6.266666666666667
PL,2024-Q1,2,3.6333333333333333
PL,2024-Q2,4.2,2.9
PL,2024-Q3,2.2,4.066666666666666
PL,2024-Q4,4,4
PL,2025-Q1,3.7,4.333333333333333
PL,2025-Q2,2.9,3.533333333333333
PL,2025-Q3,4.1,2.8333333333333335
PL,2025-Q4,3.8,2.6666666666666665
PL,2026-Q1,3.5,2.7333333333333334
PL,2026-Q2,3.7,3.2333333333333334
PT,2013-Q1,-3.8,0.43333333333333335
PT,2013-Q2,-1.5,0.8333333333333334
PT,2013-Q3,-0.7,0.43333333333333335
PT,2013-Q4,2.2,0.1
PT,2014-Q1,1.1,-0.13333333333333336
PT,2014-Q2,0.5,-0.2
PT,2014-Q3,0.9,-0.26666666666666666
PT,2014-Q4,0.5,-0.033333333333333326
PT,2015-Q1,1.8,-0.033333333333333326
PT,2015-Q2,1.6,0.7666666666666667
PT,2015-Q3,1.7,0.7666666666666666
PT,2015-Q4,1.3,0.5333333333333333
PT,2016-Q1,1.1,0.4666666666666667
PT,2016-Q2,1.5,0.5333333333333333
PT,2016-Q3,2.4,0.7333333333333333
PT,2016-Q4,3.1,0.8333333333333334
PT,2017-Q1,3.7,1.4333333333333333
PT,2017-Q2,3.5,1.7
PT,2017-Q3,3.1,1.3
PT,2017-Q4,2.9,1.7666666666666666
PT,2018-Q1,2.5,0.8666666666666667
PT,2018-Q2,3.2,1.2333333333333334
PT,2018-Q3,3.2,1.7666666666666668
PT,2018-Q4,2.9,0.7666666666666667
PT,2019-Q1,3.1,0.7666666666666667
PT,2019-Q2,2.7,0.6333333333333333
PT,2019-Q3,2.4,-0.36666666666666664
PT,2019-Q4,2.7,0.16666666666666669
PT,2020-Q1,-2.4,0.4666666666666667
PT,2020-Q2,-17.6,-0.16666666666666666
PT,2020-Q3,-6.1,-0.3666666666666667
PT,2020-Q4,-6.7,-0.43333333333333335
PT,2021-Q1,-5.4,0.2
PT,2021-Q2,16.5,-0.06666666666666665
PT,2021-Q3,5.5,1.2333333333333334
PT,2021-Q4,7.2,2.4
PT,2022-Q1,12.1,4.433333333333334
PT,2022-Q2,7.5,8.166666666666666
PT,2022-Q3,5,9.5
PT,2022-Q4,3.8,10.2
PT,2023-Q1,3.6,8.4
PT,2023-Q2,3.7,5.666666666666667
PT,2023-Q3,2.6,4.8
PT,2023-Q4,2.6,2.4333333333333336
PT,2024-Q1,2.1,2.466666666666667
PT,2024-Q2,2.1,3.0666666666666664
PT,2024-Q3,2.1,2.3666666666666667
PT,2024-Q4,2.6,2.8000000000000003
PT,2025-Q1,1.6,2.3666666666666667
PT,2025-Q2,1.7,1.9666666666666668
PT,2025-Q3,2.2,2.3
PT,2025-Q4,1.9,2.1666666666666665
PT,2026-Q1,2.3,2.2333333333333334
PT,2026-Q2,2.5,3.1666666666666665
RO,2013-Q1,-3.1,4.8
RO,2013-Q2,-1.5,4.433333333333334
RO,2013-Q3,2,2.3666666666666667
RO,2013-Q4,4,1.2666666666666666
RO,2014-Q1,5,1.2666666666666666
RO,2014-Q2,3.5,1.2666666666666666
RO,2014-Q3,4.5,1.5333333333333334
RO,2014-Q4,3.5,1.4333333333333333
RO,2015-Q1,3.6,0.5666666666666667
RO,2015-Q2,4.5,0.3333333333333333
RO,2015-Q3,2.4,-1.5333333333333332
RO,2015-Q4,2.1,-1
RO,2016-Q1,3.5,-2
RO,2016-Q2,2.2,-2.1
RO,2016-Q3,2.6,-0.03333333333333334
RO,2016-Q4,3.1,-0.06666666666666667
RO,2017-Q1,5.3,0.4
RO,2017-Q2,8.5,0.6
RO,2017-Q3,9.7,0.9333333333333333
RO,2017-Q4,9.3,2.4
RO,2018-Q1,5.8,3.7333333333333334
RO,2018-Q2,4.8,4.533333333333333
RO,2018-Q3,5.8,4.566666666666666
RO,2018-Q4,5.2,3.466666666666667
RO,2019-Q1,4.1,3.8000000000000003
RO,2019-Q2,4.5,4.233333333333333
RO,2019-Q3,2.4,3.9
RO,2019-Q4,4.9,3.6666666666666665
RO,2020-Q1,2.1,3.1666666666666665
RO,2020-Q2,-8.5,2.1
RO,2020-Q3,-5.4,2.3666666666666667
RO,2020-Q4,-2.5,1.7666666666666666
RO,2021-Q1,1.3,2.3333333333333335
RO,2021-Q2,11.5,3.1333333333333333
RO,2021-Q3,7.7,4.333333333333333
RO,2021-Q4,2.5,6.633333333333334
RO,2022-Q1,4.4,8.233333333333334
RO,2022-Q2,3.6,12.366666666666667
RO,2022-Q3,3.8,13.233333333333334
RO,2022-Q4,5,14.066666666666666
RO,2023-Q1,1.6,13
RO,2023-Q2,2.4,9.766666666666667
RO,2023-Q3,2.9,9.133333333333333
RO,2023-Q4,2.2,7.4
RO,2024-Q1,2.1,7.033333333333333
RO,2024-Q2,0.6,5.766666666666667
RO,2024-Q3,0.3,5.3
RO,2024-Q4,0.8,5.3
RO,2025-Q1,0.7,5.2
RO,2025-Q2,2.1,5.366666666666667
RO,2025-Q3,1.4,7.8999999999999995
RO,2025-Q4,-1.4,8.533333333333333
RO,2026-Q1,-1.1,8.6
RO,2026-Q2,-2,9.466666666666667
SE,2013-Q1,0.7,0.5333333333333333
SE,2013-Q2,0.5,0.26666666666666666
SE,2013-Q3,0.6,0.7000000000000001
SE,2013-Q4,2.7,0.3
SE,2014-Q1,2.4,1.850371707708594e-17
SE,2014-Q2,2.6,0.3333333333333333
SE,2014-Q3,2.6,0.2
SE,2014-Q4,2.2,0.3
SE,2015-Q1,2.9,0.6
SE,2015-Q2,4.8,0.6
SE,2015-Q3,3.9,0.7666666666666667
SE,2015-Q4,4.7,0.8
SE,2016-Q1,2.9,1.1
SE,2016-Q2,1.5,1
SE,2016-Q3,1.8,1.0333333333333334
SE,2016-Q4,1.4,1.3666666666666667
SE,2017-Q1,2.7,1.5999999999999999
SE,2017-Q2,1.9,1.8666666666666667
SE,2017-Q3,2,2.2333333333333334
SE,2017-Q4,2,1.7666666666666666
SE,2018-Q1,1.7,1.7333333333333334
SE,2018-Q2,2,1.9666666666666668
SE,2018-Q3,1.5,2.2666666666666666
SE,2018-Q4,2.3,2.2333333333333334
SE,2019-Q1,2,1.9
SE,2019-Q2,2.8,1.9333333333333333
SE,2019-Q3,2.6,1.3666666666666667
SE,2019-Q4,3,1.7
SE,2020-Q1,2.8,1.2
SE,2020-Q2,-7.5,0.26666666666666666
SE,2020-Q3,-1.7,0.7666666666666666
SE,2020-Q4,-2,0.4
SE,2021-Q1,0.6,1.9333333333333333
SE,2021-Q2,10.7,2.333333333333333
SE,2021-Q3,4.2,2.4333333333333336
SE,2021-Q4,5,3.9
SE,2022-Q1,1.7,4.866666666666667
SE,2022-Q2,2.4,7.666666666666667
SE,2022-Q3,2.2,9.366666666666667
SE,2022-Q4,-1,10.233333333333334
SE,2023-Q1,0.8,9.133333333333333
SE,2023-Q2,-1.3,6.9
SE,2023-Q3,0.7,4.833333333333333
SE,2023-Q4,0.1,3.0666666666666664
SE,2024-Q1,1.9,2.7666666666666666
SE,2024-Q2,1.4,2.1
SE,2024-Q3,0.7,1.4
SE,2024-Q4,3.7,1.7333333333333334
SE,2025-Q1,0.2,2.3
SE,2025-Q2,2.7,2.433333333333333
SE,2025-Q3,2.3,3.2333333333333334
SE,2025-Q4,1.9,2.466666666666667
SE,2026-Q1,2.2,1.7333333333333334
SE,2026-Q2,2.8,0.8666666666666667
SI,2013-Q1,-3.9,2.6333333333333333
SI,2013-Q2,-1,1.8
SI,2013-Q3,-1.2,2.1999999999999997
SI,2013-Q4,2.6,1.1
SI,2014-Q1,2.3,0.5666666666666667
SI,2014-Q2,3,0.8333333333333334
SI,2014-Q3,3.5,0.06666666666666667
SI,2014-Q4,1.6,-0.03333333333333334
SI,2015-Q1,2.3,-0.5333333333333333
SI,2015-Q2,2.1,-0.8666666666666667
SI,2015-Q3,2.2,-0.7666666666666666
SI,2015-Q4,2.2,-0.8666666666666667
SI,2016-Q1,3,-0.8666666666666667
SI,2016-Q2,3,-0.39999999999999997
SI,2016-Q3,3.2,-0.033333333333333326
SI,2016-Q4,3.8,0.6666666666666666
SI,2017-Q1,4.6,2
SI,2017-Q2,5,1.3666666666666667
SI,2017-Q3,5,1.3333333333333333
SI,2017-Q4,6.3,1.5333333333333332
SI,2018-Q1,4.5,1.5333333333333332
SI,2018-Q2,4.6,2.1333333333333333
SI,2018-Q3,5,2.1
SI,2018-Q4,3.7,1.9333333333333333
SI,2019-Q1,4.8,1.3666666666666667
SI,2019-Q2,3.2,1.7666666666666666
SI,2019-Q3,3.1,2.033333333333333
SI,2019-Q4,2.6,1.6333333333333333
SI,2020-Q1,-1.1,1.6666666666666665
SI,2020-Q2,-10.9,-1.1666666666666667
SI,2020-Q3,-1.7,-0.5666666666666667
SI,2020-Q4,-4,-0.9333333333333333
SI,2021-Q1,2.6,-0.6333333333333334
SI,2021-Q2,15.3,2.033333333333333
SI,2021-Q3,6.1,2.2666666666666666
SI,2021-Q4,9.9,4.5
SI,2022-Q1,5.1,6.333333333333333
SI,2022-Q2,4.6,8.966666666666667
SI,2022-Q3,1.6,11.266666666666666
SI,2022-Q4,0.9,10.633333333333335
SI,2023-Q1,1.9,9.9
SI,2023-Q2,2.6,7.966666666666666
SI,2023-Q3,2.8,6.3
SI,2023-Q4,3,4.966666666666667
SI,2024-Q1,3.2,3.4
SI,2024-Q2,1.1,2.3666666666666667
SI,2024-Q3,1.3,1.0666666666666667
SI,2024-Q4,1.2,1.2
SI,2025-Q1,-0.5,2.1333333333333333
SI,2025-Q2,0.8,2.2333333333333334
SI,2025-Q3,1.7,2.8666666666666667
SI,2025-Q4,1.7,2.7
SI,2026-Q1,3.5,2.533333333333333
SI,2026-Q2,4.8,3.6333333333333333
SK,2013-Q1,0.3,2.2333333333333334
SK,2013-Q2,0.4,1.7333333333333334
SK,2013-Q3,0.7,1.3666666666666667
SK,2013-Q4,1.4,0.5333333333333333
SK,2014-Q1,2,-0.1
SK,2014-Q2,2.4,-0.1
SK,2014-Q3,2.9,-0.13333333333333333
SK,2014-Q4,3.4,-0.03333333333333334
SK,2015-Q1,4.8,-0.5
SK,2015-Q2,5.3,-0.1
SK,2015-Q3,5.5,-0.3
SK,2015-Q4,5.1,-0.4666666666666667
SK,2016-Q1,3.1,-0.4666666666666667
SK,2016-Q2,2.1,-0.6
SK,2016-Q3,1.3,-0.7333333333333334
SK,2016-Q4,1.2,-0.1
SK,2017-Q1,2,1
SK,2017-Q2,2.6,0.9666666666666667
SK,2017-Q3,3.1,1.6333333333333333
SK,2017-Q4,3.8,1.9666666666666668
SK,2018-Q1,4,2.4333333333333336
SK,2018-Q2,4.2,2.8666666666666667
SK,2018-Q3,4.4,2.7333333333333334
SK,2018-Q4,3.6,2.1333333333333333
SK,2019-Q1,3.3,2.4
SK,2019-Q2,2.3,2.6
SK,2019-Q3,1.7,3
SK,2019-Q4,1.8,3.1
SK,2020-Q1,-1.1,2.9
SK,2020-Q2,-9,2
SK,2020-Q3,-0.3,1.5333333333333332
SK,2020-Q4,0,1.6
SK,2021-Q1,3.4,1.0333333333333332
SK,2021-Q2,13.2,2.0666666666666664
SK,2021-Q3,3.6,3.4
SK,2021-Q4,3.1,4.766666666666667
SK,2022-Q1,1.8,8.533333333333333
SK,2022-Q2,0.4,11.766666666666667
SK,2022-Q3,0,13.266666666666667
SK,2022-Q4,0.1,14.866666666666667
SK,2023-Q1,0.9,15.1
SK,2023-Q2,2.1,12.533333333333333
SK,2023-Q3,2.7,9.633333333333333
SK,2023-Q4,2.8,7.1
SK,2024-Q1,2.9,3.6333333333333333
SK,2024-Q2,2.2,2.466666666666667
SK,2024-Q3,1.5,3.033333333333333
SK,2024-Q4,1.3,3.4333333333333336
SK,2025-Q1,0.8,4.166666666666667
SK,2025-Q2,0.7,4.266666666666667
SK,2025-Q3,0.9,4.533333333333333
SK,2025-Q4,0.8,3.9666666666666663
SK,2026-Q1,0.9,4
SK,2026-Q2,0.8,3.8666666666666667
