iso2,country_name,quarter,default_rate,loss_rate,lgd,gdp_growth_yoy,inflation_yoy
AT,Austria,2015-Q4,0.8779276,34.4865319,30.882846000000004,1.4,0.7666666666666667
AT,Austria,2016-Q1,0.7409857,24.2531614,30.7009263,2.5,1.0333333333333332
AT,Austria,2016-Q2,0.6584450000000001,19.1693366,30.6545214,1.9,0.6
AT,Austria,2016-Q3,0.7830579000000001,18.0601638,29.1282396,2.1,0.7666666666666667
AT,Austria,2016-Q4,0.7623391,22.3725053,30.439613100000003,2.3,1.5
AT,Austria,2017-Q1,0.8199999999999991,24.46,29.79,2.1,2.2
AT,Austria,2017-Q2,0.8099999999999999,22.73,29.969999999999995,2.5,2.1333333333333333
AT,Austria,2017-Q3,0.6983056,25.9917726,29.793406500000003,2.6,2.2
AT,Austria,2017-Q4,1.953722082948942,31.599580995117112,29.73038153601134,2.4,2.3666666666666667
AT,Austria,2018-Q1,1.4786136,29.3980209,29.603755,2,1.9333333333333333
AT,Austria,2018-Q2,1.5433333900000001,35.326167850000004,29.53868669,2.5,2.1333333333333333
AT,Austria,2018-Q3,1.4795981,36.4961306,29.749473300000002,2.3,2.2333333333333334
AT,Austria,2018-Q4,0.9515030000000001,45.3846269,30.6877807,2.8,2.1333333333333333
AT,Austria,2019-Q1,0.76466750000000006,,30.875298899999997,3.3,1.5999999999999999
AT,Austria,2019-Q2,0.8145833817187319,38.9218523172608,30.794920744557302,1.9,1.6666666666666667
AT,Austria,2019-Q3,0.91384502,29.58530076,30.955557099999996,1.6,1.3666666666666667
AT,Austria,2019-Q4,0.649841850191333,29.37275120526091,30.943029484029488,0,1.3333333333333333
AT,Austria,2020-Q1,0.84734840506805,30.724255629850838,31.208648391207017,-2.2,2
AT,Austria,2020-Q2,0.83203948,21.08955227,30.83679088,-14,1.0666666666666667
AT,Austria,2020-Q3,0.83472134,21.69457566,33.69948551,-4.3,1.4666666666666666
AT,Austria,2020-Q4,1.288956668529118,40.83842865431033,33.68645675459674,-5.1,1.0666666666666667
AT,Austria,2021-Q1,1.35548661,37.8791132,33.75543132,-4.9,1.5
AT,Austria,2021-Q2,1.39529187384749,35.83892288661208,34.30224794716468,13.8,2.5666666666666664
AT,Austria,2021-Q3,1.0961878929395281,41.01928209622564,34.14595499051355,5.3,3.1
AT,Austria,2021-Q4,0.285636681076886,28.0699183465125,34.29201144788296,7.1,3.9
AT,Austria,2022-Q1,0.375767294851481,30.438712625405316,34.13212621810317,8.5,5.533333333333333
AT,Austria,2022-Q2,0.354367516821661,30.09423426043152,34.14912989576844,6.8,7.833333333333333
AT,Austria,2022-Q3,0.458085702655789,30.20244351167844,31.26190511541101,3.5,9.9
AT,Austria,2022-Q4,0.553488308676076,27.223729090529215,33.47490561857629,3.2,11.1
AT,Austria,2023-Q1,0.506734051551716,25.49108029705164,33.54442459533018,2.8,10.6
AT,Austria,2023-Q2,0.44555649142488696,26.071284823151185,35.591523462278246,-1.3,8.633333333333333
AT,Austria,2023-Q3,0.486610694067612,28.819310412057142,34.14969966413673,-1.8,6.766666666666667
AT,Austria,2023-Q4,1.0830280407429111,22.890722552555413,34.00911605796948,-2.2,5.166666666666667
AT,Austria,2024-Q1,1.275380232362238,21.921836825304148,33.96951140613334,-2.1,4.133333333333333
AT,Austria,2024-Q2,1.264799884098102,18.14099993298948,34.01890997932651,-1,3.2666666666666666
AT,Austria,2024-Q3,1.332365160059685,21.243244466145615,34.077927672522456,-0.6,2.3666666666666667
AT,Austria,2024-Q4,1.2581908806090532,34.71180883480226,34.02591875113532,0.3,1.9333333333333333
AT,Austria,2025-Q1,1.050322767192591,35.235609032400845,31.404140495444928,0.6,3.3
AT,Austria,2025-Q2,1.1116957258610929,35.886999963664984,31.58626852866461,0.9,3.1666666666666665
AT,Austria,2025-Q3,1.1648670558701,33.67050233537838,31.62837339612793,1.3,3.9
AT,Austria,2025-Q4,1.237441119579205,28.78303226366826,31.732827645145594,1.1,3.933333333333333
AT,Austria,2026-Q1,1.363596970237,29.622126012901003,31.650290996497997,0.9,2.533333333333333
BE,Belgium,2015-Q4,1.4996402,27.451003200000002,27.893209000000002,1.2,1.3666666666666667
BE,Belgium,2016-Q1,1.4213738999999999,27.6946472,26.625280899999996,1.1,1.5
BE,Belgium,2016-Q2,1.4618025,25.004714300000003,26.422701599999996,1.2,1.6333333333333333
BE,Belgium,2016-Q3,1.4018659,24.4313936,26.5071081,1.2,1.9333333333333333
BE,Belgium,2016-Q4,1.2347135,16.9263375,26.648013900000002,1.3,1.9333333333333333
BE,Belgium,2017-Q1,1.189999999999999,14.529999999999998,27.99,1.8,2.966666666666667
BE,Belgium,2017-Q2,1.02,14.45,27.62,1.4,2.033333333333333
BE,Belgium,2017-Q3,0.8040782999999999,13.7112553,27.6659486,1.2,1.9333333333333333
BE,Belgium,2017-Q4,0.761842129642527,14.486615658028654,27.76714350687297,1.6,2
BE,Belgium,2018-Q1,0.8103107,16.9872951,28.783725500000003,1.4,1.6
BE,Belgium,2018-Q2,0.84336117,15.75534221,28.85192699,1.7,2.1666666666666665
BE,Belgium,2018-Q3,0.8807967999999999,17.368375399999998,28.4170754,2.2,2.7
BE,Belgium,2018-Q4,1.1377357,19.4994104,28.4189739,2.3,2.7666666666666666
BE,Belgium,2019-Q1,0.9785363,17.6857457,28.836980699999998,2.3,2
BE,Belgium,2019-Q2,1.17297358116239,19.5490001511793,26.769854357717698,2.4,1.6666666666666667
BE,Belgium,2019-Q3,1.32170737,20.04309444,26.420836790000003,2.7,0.9
BE,Belgium,2019-Q4,1.4605266478607408,20.890206864820385,26.250030490757343,2.4,0.5
BE,Belgium,2020-Q1,1.451462894310177,20.08058654586326,26.35828050232546,-0.7,0.9333333333333333
BE,Belgium,2020-Q2,1.55784108,24.2767489,26.64271018,-12.1,0
BE,Belgium,2020-Q3,1.45378213,25.76806873,26.81266214,-2.7,0.4333333333333333
BE,Belgium,2020-Q4,1.529408032549787,20.034132276447618,26.95305108617197,-3.7,0.33333333333333337
BE,Belgium,2021-Q1,1.50255621,21.362199370000003,26.85001324,0.5,0.8333333333333334
BE,Belgium,2021-Q2,1.686555129963236,15.358282432492008,26.867154795952064,14.5,2.4
BE,Belgium,2021-Q3,1.757690789614693,16.61584921696056,26.734354611062315,4.7,3.3
BE,Belgium,2021-Q4,1.348542987515331,19.27290622238829,26.302751175074462,6.2,6.366666666666666
BE,Belgium,2022-Q1,1.310531625594794,18.513084307945416,27.15693308801676,5.1,9.1
BE,Belgium,2022-Q2,1.097263805709231,23.932895580384592,27.56063173380164,4.7,9.9
BE,Belgium,2022-Q3,1.10601832579487,23.721338291839402,27.850599767382345,3.5,11
BE,Belgium,2022-Q4,1.125846940793305,24.522884860131853,27.941663722474026,2.8,11.266666666666666
BE,Belgium,2023-Q1,1.057502967472713,26.268201318674304,27.287043970340306,2.5,5.9
BE,Belgium,2023-Q2,0.798150865930352,21.266611576480056,29.246059438428883,1.6,2.533333333333333
BE,Belgium,2023-Q3,0.623435092087203,19.17562988175026,27.34850923425502,1.1,1.5999999999999999
BE,Belgium,2023-Q4,0.578566356885143,17.443809691815535,27.38980172988215,1.1,-0.6666666666666666
BE,Belgium,2024-Q1,0.7861482090231979,15.591693581917317,27.503906688287334,1.2,2.966666666666667
BE,Belgium,2024-Q2,0.772677183259155,16.754760600712753,27.851903372915398,1.1,5.066666666666667
BE,Belgium,2024-Q3,1.7721508501009429,31.139724955522084,27.67052674130711,1.1,4.666666666666667
BE,Belgium,2024-Q4,1.8778915309199309,30.460848921374804,28.421375317438134,0.9,4.566666666666666
BE,Belgium,2025-Q1,1.7484835327979902,32.76292343340963,33.7230843005724,1,4.133333333333334
BE,Belgium,2025-Q2,1.711417026580464,31.502905185250558,33.1668109200817,1,2.933333333333333
BE,Belgium,2025-Q3,0.848968804274879,16.868985518721363,32.85072503992892,1,2.6333333333333333
BE,Belgium,2025-Q4,0.841060482785809,18.671359916297455,32.39949176723702,0.9,2.4333333333333336
BE,Belgium,2026-Q1,0.925257191835,17.746039599,32.520804583461,0.8,1.6666666666666667
BG,Bulgaria,2015-Q4,4.982575799999999,1.9238965000000001,40.2045651,3.5,-1
BG,Bulgaria,2016-Q1,2.825886,2.5165786,40.388584,3.2,-1.1
BG,Bulgaria,2016-Q2,2.0724806,1.5578333999999998,39.4055231,3.3,-2.3
BG,Bulgaria,2016-Q3,2.009172,0.7437349,41.7812428,2.7,-1.1
BG,Bulgaria,2016-Q4,,,40.706878,3,-0.7666666666666667
BG,Bulgaria,2017-Q1,2.86,10.37,40.03,2.8,0.7666666666666667
BG,Bulgaria,2017-Q2,,,39.83,2.7,1.4
BG,Bulgaria,2017-Q3,,,39.6058829,3,0.8666666666666667
BG,Bulgaria,2017-Q4,,,39.56529675843251,2.5,1.7333333333333334
BG,Bulgaria,2018-Q1,,,38.6581581,2.5,1.5666666666666667
BG,Bulgaria,2018-Q2,,,40.269248499999996,2.6,2.333333333333333
BG,Bulgaria,2018-Q3,,,39.6180184,2.1,3.6333333333333333
BG,Bulgaria,2018-Q4,,,40.227954100000005,1.9,2.966666666666667
BG,Bulgaria,2019-Q1,3.5402436,,40.7651723,5.1,2.5
BG,Bulgaria,2019-Q2,3.7069990220195805,,41.072961896918706,4,2.7666666666666666
BG,Bulgaria,2019-Q3,3.43321899,,41.33503377,3.2,2.2333333333333334
BG,Bulgaria,2019-Q4,3.148495379333655,58.07546568414643,41.82814273137787,3,2.3000000000000003
BG,Bulgaria,2020-Q1,1.743652422822967,,42.17232664147649,-0.6,2.966666666666667
BG,Bulgaria,2020-Q2,1.21932518,,41.80359885,-5.8,1.0666666666666667
BG,Bulgaria,2020-Q3,1.00110789,,42.44549396,-2.5,0.5333333333333333
BG,Bulgaria,2020-Q4,1.6948342566998948,,44.340148733051436,-3.1,0.3
BG,Bulgaria,2021-Q1,2.6257205200000002,,43.36036987,2.1,0.23333333333333336
BG,Bulgaria,2021-Q2,3.376939022504714,,50.725993164323555,9.3,2.2333333333333334
BG,Bulgaria,2021-Q3,3.944634863497909,,44.35282129108597,8.3,2.9
BG,Bulgaria,2021-Q4,3.48491379479833,,27.69901721608166,10.1,6.033333333333333
BG,Bulgaria,2022-Q1,4.622355269393256,,27.8321966000318,5.4,8.866666666666667
BG,Bulgaria,2022-Q2,4.9101972287265125,,24.90921448516042,5,13.433333333333334
BG,Bulgaria,2022-Q3,,,24.87204082550863,3.6,15.166666666666666
BG,Bulgaria,2022-Q4,,,23.88957743339835,2.8,14.466666666666667
BG,Bulgaria,2023-Q1,,,23.0606645660029,2.2,13.366666666666667
BG,Bulgaria,2023-Q2,,,41.567805507557125,1.5,8.8
BG,Bulgaria,2023-Q3,1.4081109637006661,58.78569884889555,22.925997687834105,1.4,7.233333333333333
BG,Bulgaria,2023-Q4,1.6755032546907391,,22.769378128477697,1.7,5.466666666666667
BG,Bulgaria,2024-Q1,1.295178501847179,,23.49971571699345,2.2,3.5
BG,Bulgaria,2024-Q2,1.330233483319229,,24.064003181400487,3.1,2.6666666666666665
BG,Bulgaria,2024-Q3,1.046963295336087,,23.789307391443028,3.5,2.2333333333333334
BG,Bulgaria,2024-Q4,0.737681739856665,,23.45846959885973,3.8,2.033333333333333
BG,Bulgaria,2025-Q1,,,27.68377297875117,3.5,3.9
BG,Bulgaria,2025-Q2,1.412836187035022e-4,,28.322235734641783,3.4,2.933333333333333
BG,Bulgaria,2025-Q3,,,24.570832800307866,3.1,3.6666666666666665
BG,Bulgaria,2025-Q4,0.343036195908461,,23.2243674926495,2.9,3.6666666666666665
BG,Bulgaria,2026-Q1,0.001731599523,,23.034542699544,2.9,2.4
CH,Switzerland,2015-Q4,1.7583308,79.0322053,31.1753713,1.4,-1.2
CH,Switzerland,2016-Q1,1.3742046,87.7618911,31.4818932,2.1,-1.1333333333333333
CH,Switzerland,2016-Q2,0.1372456,94.3794077,32.4391606,2.4,-0.5333333333333333
CH,Switzerland,2016-Q3,0.2463278,38.5095403,30.7508437,2.2,-0.26666666666666666
CH,Switzerland,2016-Q4,0.9523064,9.546686,29.448680300000003,1.1,-0.23333333333333334
CH,Switzerland,2017-Q1,3.63,,32.97,0.7,0.5
CH,Switzerland,2017-Q2,0.07,,32.51,1,0.5
CH,Switzerland,2017-Q3,0.22847470000000003,8.243627,32.926631,1.4,0.6333333333333333
CH,Switzerland,2017-Q4,0.13961846157473898,,33.812348012569274,2.7,0.9
CH,Switzerland,2018-Q1,1.9666659999999998,3.2214899,32.8195428,3.9,0.6666666666666666
CH,Switzerland,2018-Q2,1.31114596,2.40408238,32.23870666,4.2,0.7666666666666667
CH,Switzerland,2018-Q3,1.2801552,6.7475127,31.7109392,3,1.2
CH,Switzerland,2018-Q4,1.5676956999999998,,33.2213455,2.3,0.9666666666666667
CH,Switzerland,2019-Q1,1.2806767000000001,8.4456899,33.5637885,1.1,0.7
CH,Switzerland,2019-Q2,1.2428284635905,36.5455094890762,33.537162699526405,0.7,0.7666666666666667
CH,Switzerland,2019-Q3,1.04360858,5.7791827300000005,33.4228624,1.4,0.33333333333333337
CH,Switzerland,2019-Q4,0.643903202505163,10.42927923923066,32.37666965981947,1.3,-0.23333333333333334
CH,Switzerland,2020-Q1,1.7639348890530069,3.1446134390595235,32.5826026222158,0,-0.13333333333333333
CH,Switzerland,2020-Q2,1.54101298,2.0572159400000003,32.61905947,-7,-1.1
CH,Switzerland,2020-Q3,1.22414145,9.30772005,32.10107468,-1.6,-1.2333333333333334
CH,Switzerland,2020-Q4,1.61713889469369,6.268227153325615,31.773705064650503,-0.9,-0.9
CH,Switzerland,2021-Q1,0.9579367700000001,,31.33983608,0.9,-0.4
CH,Switzerland,2021-Q2,0.690346322636212,,30.752043577495904,10.8,0.23333333333333334
CH,Switzerland,2021-Q3,0.43947702058015303,8.443329557860887,30.625966671718274,6.7,0.7000000000000001
CH,Switzerland,2021-Q4,0.389020416091389,10.81472560389163,31.23506351087835,6.5,1.3666666666666667
CH,Switzerland,2022-Q1,0.785603146887247,6.510216083588969,30.55652632265146,6,1.8333333333333333
CH,Switzerland,2022-Q2,0.821063573959935,7.860940499970405,30.51999903738269,4.1,2.7333333333333334
CH,Switzerland,2022-Q3,0.688879533176299,8.100554783466587,29.88640022931801,2.5,3.2666666666666666
CH,Switzerland,2022-Q4,0.6289013674166001,5.346160691856236,29.188289459458737,1.9,2.8333333333333335
CH,Switzerland,2023-Q1,0.772100670338904,6.29662591916129,29.435754550581645,1.9,3.0333333333333337
CH,Switzerland,2023-Q2,0.49771675876154997,,29.4234964526144,0.6,2.2
CH,Switzerland,2023-Q3,0.636002388940425,4.321910008830377,30.582797253666676,0.5,2
CH,Switzerland,2023-Q4,0.662594210419547,17.7590880192711,30.85762001200607,0.6,1.9000000000000001
CH,Switzerland,2024-Q1,0.896757671256878,10.266644475922206,31.222716298443697,0.4,1.2666666666666666
CH,Switzerland,2024-Q2,1.364248668456918,5.076809828194805,30.475526885331977,1.8,1.4
CH,Switzerland,2024-Q3,1.002231836381561,3.8770830516024972,31.374923963119382,1.8,1.0333333333333332
CH,Switzerland,2024-Q4,0.678484331623381,3.011706690340934,32.080806593805306,1.6,0.6
CH,Switzerland,2025-Q1,0.677842962692972,6.555800670146486,33.093872689583726,2.4,0.13333333333333333
CH,Switzerland,2025-Q2,0.315202173561549,12.594854670924125,32.83041043620708,1.6,0.1
CH,Switzerland,2025-Q3,0.185134817528495,11.095262183700088,32.45449556342362,0.7,0.03333333333333334
CH,Switzerland,2025-Q4,0.122803743432364,20.773809574713773,31.972817763487548,0.7,0.1
CH,Switzerland,2026-Q1,0.130493354757,27.950065258737,32.559042749492,0.6,0.43333333333333335
CY,Cyprus,2015-Q4,10.8564338,,29.106241100000002,5.8,-1.3
CY,Cyprus,2016-Q1,6.644910299999999,13.3533766,28.0947307,6.6,-1.8333333333333335
CY,Cyprus,2016-Q2,8.5903799,22.8636107,29.4455523,6.4,-2
CY,Cyprus,2016-Q3,10.4470425,20.1105816,28.746260200000002,6.5,-0.4666666666666667
CY,Cyprus,2016-Q4,10.7595659,12.8025743,26.881695999999998,6.8,-0.5666666666666667
CY,Cyprus,2017-Q1,25.75,,29.600000000000005,7.1,1.2
CY,Cyprus,2017-Q2,18.37,,31.97,5.7,1.3
CY,Cyprus,2017-Q3,3.4964245,,29.652256100000002,5.5,0.16666666666666669
CY,Cyprus,2017-Q4,,,27.965733890376317,4.8,0.06666666666666665
CY,Cyprus,2018-Q1,5.5575827,5.9812095,30.9109258,5.4,-0.7666666666666667
CY,Cyprus,2018-Q2,9.69398392,23.94810896,30.66253225,6.6,0.8
CY,Cyprus,2018-Q3,,,32.707514599999996,5.9,1.5999999999999999
CY,Cyprus,2018-Q4,0.6129179,49.4390766,33.0939151,7.1,1.5
CY,Cyprus,2019-Q1,5.2410392,,31.8448163,6,1.3333333333333335
CY,Cyprus,2019-Q2,2.37790649567341,,33.1138143944236,6.1,0.5666666666666667
CY,Cyprus,2019-Q3,,,33.79856738,6.4,0.06666666666666665
CY,Cyprus,2019-Q4,4.895895227898213,67.30871596293646,32.83857469781598,5,0.23333333333333334
CY,Cyprus,2020-Q1,1.186603816390077,,33.903524363682706,3.3,0.6
CY,Cyprus,2020-Q2,9.39198123,,33.52586013,-10.4,-1.6
CY,Cyprus,2020-Q3,16.97737721,,35.62181352,-4.9,-2.2666666666666666
CY,Cyprus,2020-Q4,5.050701207370744,,33.54187754070044,-0.9,-1.1
CY,Cyprus,2021-Q1,,,31.403370759999998,2.9,-0.4666666666666667
CY,Cyprus,2021-Q2,0.5259589148195609,31.5490998462137,30.627732670176748,18.7,1.6333333333333333
CY,Cyprus,2021-Q3,0.24689917098915598,,30.65415805827302,13.8,3.2
CY,Cyprus,2021-Q4,0.864139390590994,,27.603734061267243,11.2,4.633333333333334
CY,Cyprus,2022-Q1,4.378394787437065,,26.754386058511574,10.7,5.666666666666667
CY,Cyprus,2022-Q2,6.6560396836507465,,23.00394865372399,10.1,8.8
CY,Cyprus,2022-Q3,,,22.831602521649106,8.6,9.733333333333333
CY,Cyprus,2022-Q4,,,24.546612434553573,5.7,8.1
CY,Cyprus,2023-Q1,,,25.59318879432386,3.5,6.533333333333333
CY,Cyprus,2023-Q2,,,26.82637815636932,4,3.433333333333333
CY,Cyprus,2023-Q3,9.860984706582197e-6,,34.81009268010669,3,3.2666666666666666
CY,Cyprus,2023-Q4,1.015406264385501e-5,,27.7761374195718,4,2.6333333333333333
CY,Cyprus,2024-Q1,1.0310066450501675e-5,,28.56865552855391,4.3,1.9333333333333333
CY,Cyprus,2024-Q2,1.0992407041371462e-5,,28.716660593099252,3.7,2.7
CY,Cyprus,2024-Q3,1.1856636417759698e-5,,29.102733894604114,4.3,2.066666666666667
CY,Cyprus,2024-Q4,,,30.10428746344719,3.5,2.3000000000000003
CY,Cyprus,2025-Q1,,,29.880595000835864,3.6,2.433333333333333
CY,Cyprus,2025-Q2,0.70397736832225,,27.02804744456425,3.7,0.7666666666666666
CY,Cyprus,2025-Q3,,,26.29045358933612,3.5,0.03333333333333334
CY,Cyprus,2025-Q4,,,25.009737259039333,4.2,0.13333333333333333
CY,Cyprus,2026-Q1,,,26.970704069543,3,1.2
CZ,Czech,2015-Q4,1.8819452,41.356301200000004,35.9356359,4.8,0
CZ,Czech,2016-Q1,1.2999317,41.667834,35.9005023,3.3,0.43333333333333335
CZ,Czech,2016-Q2,1.2713065000000001,27.9922675,35.6654926,2.1,0.13333333333333333
CZ,Czech,2016-Q3,1.2578975,27.422111700000002,35.688527799999996,2.1,0.5333333333333333
CZ,Czech,2016-Q4,1.3377508999999999,28.323600999999996,35.360688,2.4,1.5
CZ,Czech,2017-Q1,1.27,28.57,32.83,3.5,2.5
CZ,Czech,2017-Q2,0.8699999999999999,31.58,33.58,6.4,2.3333333333333335
CZ,Czech,2017-Q3,0.7797664999999999,31.8136816,32.8761401,6,2.433333333333333
CZ,Czech,2017-Q4,0.738235104501488,32.94210084684867,33.51458255227724,5.7,2.5
CZ,Czech,2018-Q1,0.6620742,32.4469184,31.921962999999998,4.6,1.7666666666666668
CZ,Czech,2018-Q2,0.59606085,35.07071867,31.99241544,2.1,2.0666666666666664
CZ,Czech,2018-Q3,0.7454691,39.5456261,31.7207149,2.1,2.2333333333333334
CZ,Czech,2018-Q4,0.7590207,40.334619700000005,32.8048555,2.4,1.7333333333333334
CZ,Czech,2019-Q1,1.1851514,47.4844426,31.6643964,3.5,2.3333333333333335
CZ,Czech,2019-Q2,1.1391966289902,47.8590617335498,32.3649065076701,3.6,2.466666666666667
CZ,Czech,2019-Q3,1.02795346,46.6294612,33.06261163,3.5,2.6
CZ,Czech,2019-Q4,0.902519176933737,47.24716818869438,32.556267042372156,3.3,2.9333333333333336
CZ,Czech,2020-Q1,0.505423016376526,34.20634798282079,32.84895248287218,-1.5,3.7
CZ,Czech,2020-Q2,0.63923496,35.76372399,32.18119121,-10.6,3.2666666666666666
CZ,Czech,2020-Q3,0.7040567400000001,49.15879063,32.59610698,-4.6,3.466666666666667
CZ,Czech,2020-Q4,1.082171166849075,52.20204690517106,32.90022557446569,-4.5,2.6999999999999997
CZ,Czech,2021-Q1,1.16166448,41.09812017,31.90740875,-1.2,2.2
CZ,Czech,2021-Q2,1.1557716256459971,35.58160344361727,33.19947905700216,9.6,2.7666666666666666
CZ,Czech,2021-Q3,1.060035735848129,37.186671056890354,33.523228356894904,4,3.2666666666666666
CZ,Czech,2021-Q4,0.554450161528971,38.255366003900996,33.662526495504615,3.9,5
CZ,Czech,2022-Q1,0.6681265773335751,42.62334365386334,32.98313502418046,4.8,10.233333333333334
CZ,Czech,2022-Q2,0.596249016603893,45.76159424448337,32.86154968653895,3.7,15
CZ,Czech,2022-Q3,0.582703237467603,44.310953315457084,30.025420322039135,2,17.400000000000002
CZ,Czech,2022-Q4,0.751841166053781,38.94766065035078,32.911178361562065,1,16.5
CZ,Czech,2023-Q1,0.669571703277801,35.77532532766179,31.35221189768408,0.2,18
CZ,Czech,2023-Q2,0.640704184225494,28.450696440702107,30.296815606382722,0.3,12.666666666666666
CZ,Czech,2023-Q3,0.682354913659793,29.829720683993727,32.75545127389879,-0.2,9.533333333333333
CZ,Czech,2023-Q4,0.6225219906158059,31.25839246458319,34.69044826705776,0.5,8.366666666666667
CZ,Czech,2024-Q1,0.842589137055889,29.688176261148335,34.47905269262741,0.6,2.3666666666666667
CZ,Czech,2024-Q2,0.857748319279722,30.634772235557673,34.24799464239927,0.5,2.7
CZ,Czech,2024-Q3,0.66148440067836,37.057489977801175,34.15726511445663,1.6,2.5666666666666664
CZ,Czech,2024-Q4,0.72131577290331,31.95131404589004,33.33740031893544,2,3.1333333333333333
CZ,Czech,2025-Q1,0.548889284305049,48.18091080691418,33.174731779420604,2.5,2.8
CZ,Czech,2025-Q2,0.463394787477834,43.48295779332234,33.1689082447179,2.8,2.2666666666666666
CZ,Czech,2025-Q3,0.42388099984246297,39.77953082035312,33.25882130818553,2.8,2.3
CZ,Czech,2025-Q4,0.337895229166357,39.64370427083019,33.50857346701985,2.8,1.9666666666666666
CZ,Czech,2026-Q1,0.336643587272,36.10727482742,32.698679946321,2.2,1.2333333333333334
DE,Germany,2015-Q4,1.3389020999999999,25.3,36.2977858,1.4,0.5333333333333333
DE,Germany,2016-Q1,1.2821773,23.753736,36.0948998,2.5,0.13333333333333336
DE,Germany,2016-Q2,1.2946739,26.6495044,36.1377775,2.2,-0.1
DE,Germany,2016-Q3,1.295609,25.974566900000003,35.829409299999995,2.1,0.39999999999999997
DE,Germany,2016-Q4,1.4256628,21.697187500000002,35.9715447,2,1.0333333333333334
DE,Germany,2017-Q1,1.32,27.46,35.78,2.4,1.7666666666666666
DE,Germany,2017-Q2,1.26,25.31,35.85,2.9,1.6666666666666667
DE,Germany,2017-Q3,1.063766,18.5630494,35.9312211,3.4,1.8333333333333333
DE,Germany,2017-Q4,1.0033022940771699,26.391467267168604,35.79140658116091,4,1.5666666666666667
DE,Germany,2018-Q1,1.0249246,25.4292738,36.191238,2.2,1.4666666666666666
DE,Germany,2018-Q2,0.98157074,29.063228029999998,36.337862529999995,2.1,1.9666666666666668
DE,Germany,2018-Q3,1.1443044,32.1611942,36.519827500000005,0.8,2.166666666666667
DE,Germany,2018-Q4,1.010963,37.6733524,36.4370483,0.1,2.166666666666667
DE,Germany,2019-Q1,1.0810238,43.207774799999996,36.573184,1.4,1.5999999999999999
DE,Germany,2019-Q2,1.07695031946387,41.006796211463595,36.697827904778805,0.7,1.6333333333333333
DE,Germany,2019-Q3,0.97226762,39.03782758,36.67836928,1.7,1
DE,Germany,2019-Q4,0.83754727484395,34.69680208210436,36.80770156672355,0.8,1.2
DE,Germany,2020-Q1,0.8013627376929331,29.125869598417793,36.939545113094546,-1.8,1.5333333333333334
DE,Germany,2020-Q2,1.00335881,35.66478276,36.21430071,-10.6,0.7000000000000001
DE,Germany,2020-Q3,0.91462073,32.92589633,36.570093529999994,-3.3,-0.16666666666666669
DE,Germany,2020-Q4,0.851513779936594,34.49427950408721,36.35344956859841,-2,-0.6333333333333333
DE,Germany,2021-Q1,0.6805952900000001,31.3037758,36.16084471,-0.6,1.7333333333333334
DE,Germany,2021-Q2,0.540425407815601,26.40486432775619,36.937871685532095,11.6,2.2
DE,Germany,2021-Q3,0.519398607044288,30.19842070831554,36.422492139753984,2.8,3.533333333333333
DE,Germany,2021-Q4,0.478975135576305,27.888861969424482,36.31013903696719,2.4,5.433333333333334
DE,Germany,2022-Q1,0.466655340745365,27.590026929959834,36.767278470933675,3.7,6.066666666666666
DE,Germany,2022-Q2,0.410359082188413,29.78816666472458,36.84681129922035,1.5,8.233333333333333
DE,Germany,2022-Q3,0.427895974872855,32.62420248341912,36.55225009165759,1.7,9.4
DE,Germany,2022-Q4,0.386307840749577,36.303446450001324,36.6684847782853,0.9,10.833333333333334
DE,Germany,2023-Q1,0.42449533432247194,31.236334435967027,36.81688396058373,-0.6,8.766666666666666
DE,Germany,2023-Q2,0.539150675832457,27.464469848406058,36.57443265803827,-0.8,6.8999999999999995
DE,Germany,2023-Q3,0.569165005847061,22.725359542376257,36.68800961561375,-1,5.733333333333333
DE,Germany,2023-Q4,0.80888351453963,18.781729280273296,36.04340197910795,-0.9,3.033333333333333
DE,Germany,2024-Q1,0.922848704955933,19.796456407131856,36.17292952174781,0,2.7
DE,Germany,2024-Q2,0.909335162983189,19.584834195814928,36.42287017563047,-0.1,2.5666666666666664
DE,Germany,2024-Q3,1.1908084292951169,20.037361882163523,36.20634061810002,-0.1,2.1333333333333333
DE,Germany,2024-Q4,1.131727693698712,21.291517590737243,36.79513472277166,0.4,2.533333333333333
DE,Germany,2025-Q1,1.159752475268643,21.011093815611485,34.05114770844705,0.3,2.5666666666666664
DE,Germany,2025-Q2,1.134475978214362,20.427401718338185,34.02920689891808,0.4,2.1
DE,Germany,2025-Q3,0.8303813035420561,21.070360669920007,34.322404982393586,0.3,2.1
DE,Germany,2025-Q4,0.947301424579839,18.096457198418285,34.168217279096915,0.3,2.3
DE,Germany,2026-Q1,0.995098705835,18.596598502143998,34.191092951705,0.6,2.3
DK,Denmark,2015-Q4,1.08931,26.822826900000003,23.4506731,1.9,0.16666666666666666
DK,Denmark,2016-Q1,1.2463062,13.953903100000002,23.541189000000003,2.3,0.06666666666666668
DK,Denmark,2016-Q2,1.3264738,14.2738531,23.7588348,2.8,-0.1
DK,Denmark,2016-Q3,1.2830637,13.426079799999998,24.3720343,3.5,-0.06666666666666667
DK,Denmark,2016-Q4,1.0853565,12.9054898,24.2140756,3.7,0.16666666666666666
DK,Denmark,2017-Q1,0.72,20.77,22.66,3.4,0.8333333333333334
DK,Denmark,2017-Q2,0.54,15.299999999999999,23.04,3.6,0.7
DK,Denmark,2017-Q3,0.6084031,16.2260008,22.7055689,2.5,1.5333333333333334
DK,Denmark,2017-Q4,0.662354123187274,16.583607903179047,22.31369509799264,2.7,1.1666666666666667
DK,Denmark,2018-Q1,0.7528648,19.1387943,22.451090200000003,2.6,0.5
DK,Denmark,2018-Q2,0.64578269,20.78570661,22.297291289999997,1.3,0.9333333333333333
DK,Denmark,2018-Q3,0.6321880999999999,24.4030671,22.236788,2.1,0.7333333333333334
DK,Denmark,2018-Q4,0.6036915,25.5027881,20.9959581,1.5,0.7
DK,Denmark,2019-Q1,0.5413475,25.758528899999998,22.151806299999997,1.1,1.1666666666666667
DK,Denmark,2019-Q2,0.543343417181901,24.2438541385336,22.4416450514004,2,0.7
DK,Denmark,2019-Q3,0.5884432,21.84239144,22.37597837,1.8,0.43333333333333335
DK,Denmark,2019-Q4,0.595244964189988,18.855882058795657,21.7517324335379,2,0.6666666666666666
DK,Denmark,2020-Q1,0.656526543622803,15.417919454537222,22.474377550293408,0.7,0.6
DK,Denmark,2020-Q2,0.67852477,17.24804708,23.00042598,-6.1,-0.033333333333333326
DK,Denmark,2020-Q3,0.6395255,18.6150491,22.337986439999998,-0.7,0.43333333333333335
DK,Denmark,2020-Q4,0.6961333567885191,17.937884838714535,22.22419345548554,-1,0.3666666666666667
DK,Denmark,2021-Q1,0.7857089100000001,18.93150168,21.58982459,0.3,0.6
DK,Denmark,2021-Q2,0.782179971122262,16.49222745057308,22.452947393518397,10.3,1.7666666666666666
DK,Denmark,2021-Q3,0.720125518725535,16.02269015805441,22.33018042204045,6.1,1.9666666666666666
DK,Denmark,2021-Q4,0.5013440602346211,19.52571076384473,22.26573398216985,9.5,3.466666666666667
DK,Denmark,2022-Q1,0.465557522371914,17.29736794695627,22.35711030880522,3.2,5.4
DK,Denmark,2022-Q2,0.39522996808479505,19.47387243675915,23.277748855723708,1.5,8.233333333333333
DK,Denmark,2022-Q3,0.418754080787189,21.883188070991793,23.13301659349209,0.9,10.2
DK,Denmark,2022-Q4,0.346677990263284,21.133970979702816,22.741093853544275,-3.6,10.233333333333333
DK,Denmark,2023-Q1,0.35305583566286,19.805954563854897,22.68056038658558,3.5,8
DK,Denmark,2023-Q2,0.36320018029136397,20.048047846868098,22.44856973616967,0.2,3.6333333333333333
DK,Denmark,2023-Q3,0.343608382769819,19.028261823923124,24.469520149053526,-1.2,2.033333333333333
DK,Denmark,2023-Q4,0.40022204280869,17.18168664798465,23.43405099639512,2.1,0.1
DK,Denmark,2024-Q1,0.384635933193762,17.948059020415165,24.004373637037666,0.9,0.7666666666666667
DK,Denmark,2024-Q2,0.41586755622721905,18.598116505164437,24.000843505405754,4.2,1.4666666666666668
DK,Denmark,2024-Q3,0.43673359458494,17.521324956076445,24.677629983408764,5.2,1.2
DK,Denmark,2024-Q4,0.43980635508020494,20.383707872637046,24.392243134042833,5.1,1.6666666666666667
DK,Denmark,2025-Q1,0.39224678398643403,21.86038057349792,26.028815087539712,3.1,1.5999999999999999
DK,Denmark,2025-Q2,0.605202469632894,22.959695665141233,26.154773187205528,2.9,1.6
DK,Denmark,2025-Q3,0.676063587812999,24.751180829094384,25.980333909014874,4.6,2.1
DK,Denmark,2025-Q4,0.64728618253668,23.995901513320984,26.35048459630295,3.2,2
DK,Denmark,2026-Q1,0.609338593838,22.981832925421,27.160959755599002,6.2,0.7
EE,Estonia,2015-Q4,5.8241426999999995,29.491296900000002,41.179065,1.1,0.1
EE,Estonia,2016-Q1,5.1067,31.491136400000002,41.0893457,4.2,0.33333333333333337
EE,Estonia,2016-Q2,5.2831131000000005,33.9113288,40.5300413,2,0.13333333333333336
EE,Estonia,2016-Q3,5.2165536,34.5450688,40.945422300000004,2.3,1.2
EE,Estonia,2016-Q4,3.9459718999999995,35.0476562,40.102921699999996,3.7,1.5999999999999999
EE,Estonia,2017-Q1,4.47,34.81,41.63,4.1,3.0666666666666664
EE,Estonia,2017-Q2,1.5699999999999998,33.51,41.15,6.1,3.4
EE,Estonia,2017-Q3,,,41.6719766,5.4,4
EE,Estonia,2017-Q4,,,41.66464416803457,5.6,4.1
EE,Estonia,2018-Q1,,,41.846087999999995,4.2,3.2333333333333334
EE,Estonia,2018-Q2,0.23030538,,41.8131763,3.5,3.3
EE,Estonia,2018-Q3,,,41.7111783,3.8,3.433333333333333
EE,Estonia,2018-Q4,0.3028257,24.5971534,41.9812403,3.4,3.6666666666666665
EE,Estonia,2019-Q1,0.2541298,,41.1134774,4.7,2.3
EE,Estonia,2019-Q2,,,41.526972927406,3.8,2.966666666666667
EE,Estonia,2019-Q3,0.16642871,,41.47451927,3.3,2.1
EE,Estonia,2019-Q4,0.26509200720132803,27.98308606355225,41.881209661971184,2.8,1.6666666666666667
EE,Estonia,2020-Q1,0.259811637678923,22.48406950533638,41.24491638280177,-0.9,1.5333333333333334
EE,Estonia,2020-Q2,0.55666949,26.939105050000002,41.35353858,-6,-1.4333333333333333
EE,Estonia,2020-Q3,0.51503057,31.8684627,41.41660443,-2.2,-1.3
EE,Estonia,2020-Q4,0.7667555114639669,,41.45014874791262,-0.9,-1.2666666666666666
EE,Estonia,2021-Q1,,,41.34978779,5,0.5666666666666667
EE,Estonia,2021-Q2,1.069068930347381,,41.15505983104598,12.9,2.8333333333333335
EE,Estonia,2021-Q3,,,41.50302742289309,7.7,5.433333333333334
EE,Estonia,2021-Q4,0.688490329879049,32.269996736113875,42.355974597666624,7.3,9.133333333333333
EE,Estonia,2022-Q1,0.720604705156308,30.547028636991985,42.59330086165452,2.2,12.466666666666667
EE,Estonia,2022-Q2,0.46263330892857,28.676362463204985,42.571728528230054,-1.3,20.400000000000002
EE,Estonia,2022-Q3,0.6221223857856231,22.093603209506792,42.44880112162415,-1.2,24.166666666666668
EE,Estonia,2022-Q4,0.54491773077131,24.98037471247172,42.56426599844925,-4.4,20.466666666666665
EE,Estonia,2023-Q1,,16.24566900745245,42.58548653628857,-4.3,17.333333333333336
EE,Estonia,2023-Q2,,,41.95720009005317,-3.1,11.133333333333333
EE,Estonia,2023-Q3,1.061321140793058,25.95694607008296,42.632766690693366,-3,4.8
EE,Estonia,2023-Q4,1.610198176569679,,42.236125607169086,-0.8,4.466666666666667
EE,Estonia,2024-Q1,1.035741612034063,30.966060856961526,42.250253921105774,0.1,4.5
EE,Estonia,2024-Q2,0.926190253616066,29.93461125091592,42.28667087917133,-0.3,3
EE,Estonia,2024-Q3,0.224353692065619,50.99571817513018,42.38839113365938,0.1,3.3666666666666667
EE,Estonia,2024-Q4,0.159575970810093,13.939195728320817,42.49199068591911,-0.3,4.133333333333333
EE,Estonia,2025-Q1,0.11971005274309302,19.689402014413886,36.29732293317288,-0.6,4.3999999999999995
EE,Estonia,2025-Q2,,,36.170786451800545,0.7,4.733333333333333
EE,Estonia,2025-Q3,,,36.22196606051852,1,5.7
EE,Estonia,2025-Q4,0.012996491553113361,,36.18865048021878,1.2,4.4
EE,Estonia,2026-Q1,0.246646072551,21.010403078861,36.307370057656,2.4,3.5
EL,Greece,2015-Q4,,,38.0291475,0.5,0.06666666666666667
EL,Greece,2016-Q1,13.421687299999999,42.4539389,38.6609203,-0.9,-0.23333333333333334
EL,Greece,2016-Q2,6.0165744,19.4281703,38.7781267,-0.7,-0.13333333333333333
EL,Greece,2016-Q3,8.8857539,25.041448,38.866605799999995,1.6,0.16666666666666669
EL,Greece,2016-Q4,7.6913383,20.2908497,38.8562365,-0.2,0.2333333333333333
EL,Greece,2017-Q1,6.819999999999999,23.880000000000003,39.53,1,1.5333333333333332
EL,Greece,2017-Q2,6.559999999999999,20.24,39.34,1.6,1.3333333333333335
EL,Greece,2017-Q3,4.856394900000001,15.8120524,39.763382,2.2,0.8333333333333334
EL,Greece,2017-Q4,,,40.50995696935612,0.9,0.8666666666666667
EL,Greece,2018-Q1,4.8015548,21.464267800000002,40.0824056,2.2,0.26666666666666666
EL,Greece,2018-Q2,3.8814531700000003,25.003064000000002,39.92119953,1.8,0.7666666666666667
EL,Greece,2018-Q3,2.8325036000000003,27.4420212,39.8641351,1.2,0.9333333333333333
EL,Greece,2018-Q4,2.2680244,,39.7576739,2.6,1.1666666666666667
EL,Greece,2019-Q1,2.6154167,28.4777587,40.2142654,2.2,0.7666666666666667
EL,Greece,2019-Q2,3.25733068774137,,38.8971899275717,3,0.6333333333333333
EL,Greece,2019-Q3,2.25946918,,37.78325023,2.2,0.23333333333333334
EL,Greece,2019-Q4,2.015464210160435,,38.396606592564176,1.5,0.43333333333333335
EL,Greece,2020-Q1,2.124760189687349,15.709658720612754,40.32883993420578,-1.7,0.5666666666666667
EL,Greece,2020-Q2,3.75214191,,40.224407400000004,-16,-1.1666666666666665
EL,Greece,2020-Q3,,,40.47946315,-10.3,-2.2333333333333334
EL,Greece,2020-Q4,,,40.57058603362938,-8,-2.1666666666666665
EL,Greece,2021-Q1,2.74149868,37.97988842,40.25153919,-2.2,-2.1
EL,Greece,2021-Q2,0.93350801877579,50.69774726260291,39.13207141435732,15,-0.5666666666666667
EL,Greece,2021-Q3,1.043910266865462,,38.93907340624006,11.5,1.2666666666666666
EL,Greece,2021-Q4,1.55502022542376,,40.11389619699532,10.2,3.7333333333333334
EL,Greece,2022-Q1,1.5755178316733998,,40.12035616904245,7.7,6.6
EL,Greece,2022-Q2,1.3529223204110752,21.641379018176686,39.97525374897332,6.5,10.4
EL,Greece,2022-Q3,,,40.41257783799298,4.5,11.533333333333333
EL,Greece,2022-Q4,,,41.363176781293795,4.1,8.633333333333333
EL,Greece,2023-Q1,3.11707090357215,,37.51583624204385,2.2,6.4
EL,Greece,2023-Q2,,,36.677770938192985,3.1,3.8
EL,Greece,2023-Q3,1.219706730083667,,37.625765353823816,1.8,3.1333333333333333
EL,Greece,2023-Q4,1.23309271982437,,38.17436187837185,1.5,3.466666666666667
EL,Greece,2024-Q1,0.8868494109140149,,39.01141476832431,1.8,3.2333333333333334
EL,Greece,2024-Q2,0.644004042877747,,40.03903846803752,1.8,2.7
EL,Greece,2024-Q3,0.359279669954063,,38.15176015076751,2.4,3.1
EL,Greece,2024-Q4,,,38.582063546462955,2.2,3
EL,Greece,2025-Q1,,,37.100459773827836,2.5,3.066666666666667
EL,Greece,2025-Q2,,,39.011630407960816,1.7,3.1666666666666665
EL,Greece,2025-Q3,,,36.93333924855603,2.1,2.8666666666666667
EL,Greece,2025-Q4,0.004419993568593555,,38.323216784874035,2.3,2.433333333333333
EL,Greece,2026-Q1,,,36.83317415153,2,3.1333333333333333
ES,Spain,2015-Q4,5.233645,33.3570561,37.8004681,4.2,-0.4666666666666667
ES,Spain,2016-Q1,4.7954744,35.3451351,37.598236899999996,3.7,-0.8
ES,Spain,2016-Q2,4.862804,35.1067317,37.7443095,2.9,-1.0666666666666667
ES,Spain,2016-Q3,4.6758268,33.4348579,39.401756500000005,2.7,-0.3333333333333333
ES,Spain,2016-Q4,3.8269154,37.0274883,39.1277817,2.4,0.7999999999999999
ES,Spain,2017-Q1,3.88,36.04,41.31,2.4,2.6666666666666665
ES,Spain,2017-Q2,3.85,36.5,40.61,3.1,2.066666666666667
ES,Spain,2017-Q3,3.1110154000000003,32.3697472,34.4997968,3,1.8333333333333333
ES,Spain,2017-Q4,3.183654087241219,28.379845616438164,40.31654741702458,3,1.5666666666666667
ES,Spain,2018-Q1,2.9068063,22.9364827,40.322397599999995,2.7,1.0666666666666667
ES,Spain,2018-Q2,2.76316052,16.34607395,39.28891157,2.3,1.8333333333333333
ES,Spain,2018-Q3,2.3434432000000003,16.225666099999998,39.450304800000005,2.3,2.2666666666666666
ES,Spain,2018-Q4,2.0623714,13.543782600000002,39.6821781,2.2,1.7333333333333332
ES,Spain,2019-Q1,1.9639864999999999,14.4648044,38.8627187,2.4,1.1333333333333333
ES,Spain,2019-Q2,1.7436899519007998,16.120579700821,40.0501448115353,2.1,1.0333333333333334
ES,Spain,2019-Q3,1.9651166800000002,34.198386819999996,39.12689153,1.7,0.4
ES,Spain,2019-Q4,1.824492469585569,35.4522386025881,38.85405845915417,1.7,0.5
ES,Spain,2020-Q1,1.922157074823231,33.66946520135952,38.88333621987562,-4.2,0.7000000000000001
ES,Spain,2020-Q2,1.93695271,31.21970801,38.54246337,-21.5,-0.6333333333333333
ES,Spain,2020-Q3,1.58805855,19.64953303,38.74281248,-9.1,-0.6333333333333333
ES,Spain,2020-Q4,1.415770934873836,20.344145145607037,38.67148846052804,-9,-0.7666666666666667
ES,Spain,2021-Q1,1.53636559,23.32438196,40.16441203,-2.9,0.5
ES,Spain,2021-Q2,1.892801937920473,20.89375532262616,41.228095463594464,19.8,2.3
ES,Spain,2021-Q3,2.17845423662481,20.188254555439073,41.26231321019039,5.4,3.4
ES,Spain,2021-Q4,3.117966710301598,21.09004853837693,40.59683440171427,6.7,5.833333333333333
ES,Spain,2022-Q1,3.2307893196612416,19.721247962675115,40.61599540240929,7.1,7.866666666666667
ES,Spain,2022-Q2,3.09142469167238,18.997247572944428,40.50095570100013,7.5,8.933333333333334
ES,Spain,2022-Q3,2.460963357933443,13.53507633084538,40.27712486019819,6.3,10.066666666666666
ES,Spain,2022-Q4,2.132322171278309,14.50913660977318,40.47771977321443,4.7,6.5
ES,Spain,2023-Q1,2.144116878815984,17.263752133243017,40.90875183293996,3.6,5
ES,Spain,2023-Q2,2.050830750720229,20.14655484897373,41.787881109238256,2,2.7666666666666666
ES,Spain,2023-Q3,1.8673803707768042,24.57503340027747,40.249769505129436,2,2.6
ES,Spain,2023-Q4,1.878693177083476,26.493884279936402,40.45270521657293,2.2,3.3666666666666667
ES,Spain,2024-Q1,1.785581640773629,26.500724731385127,40.90462462973743,2.9,3.2333333333333334
ES,Spain,2024-Q2,1.563103742687659,28.064786257980234,40.99848149604192,3.7,3.6
ES,Spain,2024-Q3,1.4500137044131949,29.952686075167207,41.20844628421661,3.6,2.333333333333333
ES,Spain,2024-Q4,1.257622447059314,30.522808973904564,40.57440683063484,3.7,2.333333333333333
ES,Spain,2025-Q1,1.0800239123077,32.602538039983436,41.727266576469425,3.1,2.6666666666666665
ES,Spain,2025-Q2,1.7573631283302769,38.5532928555037,38.40216955727619,2.9,2.1666666666666665
ES,Spain,2025-Q3,2.452621519774397,41.32787487510489,38.1924289256868,2.7,2.8000000000000003
ES,Spain,2025-Q4,2.431315481059721,42.749155709826,36.60608454250276,2.7,3.1333333333333333
ES,Spain,2026-Q1,1.179375063631,31.607676330061,35.337177316271,2.7,2.7666666666666666
FI,Finland,2015-Q4,1.5100502999999998,34.850013000000004,35.834224,1.1,-0.23333333333333334
FI,Finland,2016-Q1,1.6922191999999998,26.9461222,35.8023192,3.1,-0.03333333333333334
FI,Finland,2016-Q2,1.5742619999999998,27.9198827,36.0994193,1.6,0.3
FI,Finland,2016-Q3,1.3932794,29.772903200000002,35.9531182,2.8,0.5
FI,Finland,2016-Q4,1.4403261,30.0042456,36.0894954,2.7,0.7666666666666667
FI,Finland,2017-Q1,1.51,37.18999999999999,38.89,2.5,1.0666666666666667
FI,Finland,2017-Q2,1.49,34.84,36.84,3.9,0.9333333333333333
FI,Finland,2017-Q3,1.6695356000000001,36.635742300000004,37.8191556,3.2,0.7333333333333334
FI,Finland,2017-Q4,0.884209701217952,,33.99841570052751,3.6,0.6333333333333333
FI,Finland,2018-Q1,1.2299141,27.7296944,36.278672099999994,2.8,0.7666666666666667
FI,Finland,2018-Q2,1.1232978100000002,23.44938533,36.12119765,1.3,1
FI,Finland,2018-Q3,0.9650172,18.3422977,36.1528804,0.7,1.4
FI,Finland,2018-Q4,0.8199975,22.588353,37.4941955,0,1.4666666666666666
FI,Finland,2019-Q1,0.7139423,23.7421479,35.830488,0.7,1.2
FI,Finland,2019-Q2,0.530612107503373,19.9973222654383,35.7501968587742,1.6,1.3
FI,Finland,2019-Q3,0.49875801,,35.4786839,1.7,1.0666666666666667
FI,Finland,2019-Q4,0.752498752963342,16.637572558570593,35.39284161548984,1.4,0.9333333333333333
FI,Finland,2020-Q1,1.024139398628591,20.314593733099677,35.416294302847234,0.4,1.0666666666666667
FI,Finland,2020-Q2,1.33354756,16.13118708,35.26140828,-6.8,-0.1
FI,Finland,2020-Q3,1.49365556,16.54856527,35.27174303,-2.3,0.4333333333333333
FI,Finland,2020-Q4,1.684450363066262,14.74244681630996,34.13501150249503,-1.1,0.2
FI,Finland,2021-Q1,1.5422327200000001,16.438107369999997,35.14956844,-1.6,1.1
FI,Finland,2021-Q2,1.45992801590828,14.477826132434751,35.213463476437454,6.9,2.1333333333333333
FI,Finland,2021-Q3,1.439776422616915,,35.053614852791775,3,1.9000000000000001
FI,Finland,2021-Q4,1.39003262922473,17.356237869767693,35.0627858758523,2.7,3.1666666666666665
FI,Finland,2022-Q1,0.8334427221548331,,35.334062888556886,2.7,4.766666666666667
FI,Finland,2022-Q2,0.608841643858833,19.064168391082095,34.16556738565022,1.5,7
FI,Finland,2022-Q3,0.298119322585826,27.682420137742426,34.63825480348881,0.3,8.1
FI,Finland,2022-Q4,0.168730766727877,22.57480488722801,34.78009243912454,-1.4,8.766666666666667
FI,Finland,2023-Q1,0.31173676427660296,20.60588473270379,30.399282372992882,-0.7,7.533333333333333
FI,Finland,2023-Q2,0.5241846707427109,12.289502930976571,42.609342795098634,-0.9,5.133333333333333
FI,Finland,2023-Q3,0.6580932878359069,15.590593702834754,30.889839641408944,-2.2,3.4333333333333336
FI,Finland,2023-Q4,0.7842999701537141,14.66382800476291,30.439423372496442,-1.4,1.4666666666666666
FI,Finland,2024-Q1,0.9485768794484181,16.26021004696316,30.556595642501023,-0.4,0.9333333333333333
FI,Finland,2024-Q2,0.651274728660231,16.490478608256804,30.78346180651808,-0.2,0.5
FI,Finland,2024-Q3,0.576871183240909,,30.627137522787617,2.1,0.8666666666666667
FI,Finland,2024-Q4,0.656294186429131,16.14247872103082,30.8005354323781,2.1,1.6
FI,Finland,2025-Q1,0.66622343608230294,,31.04073013078087,1.3,1.6666666666666667
FI,Finland,2025-Q2,0.73390772630128,19.73861459406098,31.198259167372605,1,1.9333333333333333
FI,Finland,2025-Q3,0.9313709455651459,19.068954180309955,31.068417371615165,0.2,2.1
FI,Finland,2025-Q4,1.2992463235452711,18.838994842656817,30.96344429030496,0.7,1.5333333333333332
FI,Finland,2026-Q1,0.9989200262900001,,38.429736009847,1.4,1.7666666666666666
FR,France,2015-Q4,0.5867753,21.5289384,33.1135625,1.2,0.2
FR,France,2016-Q1,0.5502663,22.7201084,32.8125657,0.9,0.033333333333333326
FR,France,2016-Q2,0.5259441,26.523143700000002,33.1934045,0.6,0.09999999999999999
FR,France,2016-Q3,0.6093167,22.5732094,33.6583732,0.5,0.43333333333333335
FR,France,2016-Q4,0.7210886,22.8208788,33.5672089,0.9,0.6666666666666666
FR,France,2017-Q1,0.699999999999999,32.91,33.59,1.2,1.4666666666666666
FR,France,2017-Q2,0.699999999999999,34,33.53,2.2,1.0333333333333332
FR,France,2017-Q3,0.59880389999999994,37.9402824,33.5033694,2.8,0.9666666666666667
FR,France,2017-Q4,0.583339540384874,36.231567895957376,33.623124248292555,2.8,1.2
FR,France,2018-Q1,0.7520522,38.223567200000005,34.5728391,2,1.5
FR,France,2018-Q2,0.70844116,34.84861175,33.77250393,1.5,2.1333333333333333
FR,France,2018-Q3,0.7305875,34.7858017,33.8999425,1.3,2.566666666666667
FR,France,2018-Q4,0.7130754,36.8663167,35.1060379,1.4,2.2
FR,France,2019-Q1,0.7394537,29.427495399999998,35.104840100000004,2.5,1.4333333333333333
FR,France,2019-Q2,0.993716099056065,28.5250204546056,35.2744460763896,2.7,1.3333333333333333
FR,France,2019-Q3,1.07061102,27.83438285,35.06561549,2.2,1.2333333333333334
FR,France,2019-Q4,1.085684727871109,26.08531665134044,34.63115639308488,1,1.2333333333333334
FR,France,2020-Q1,1.104317753433753,26.340069481768026,35.20217474112173,-5,1.3666666666666667
FR,France,2020-Q2,0.8937139700000001,29.26789085,34.98655358,-17,0.33333333333333337
FR,France,2020-Q3,0.92277327,27.06071916,34.3526112,-4.5,0.3666666666666667
FR,France,2020-Q4,0.9005774555806401,26.24657352039636,34.532114521697835,-4,0.1
FR,France,2021-Q1,0.82295107,19.118101069999998,35.02825485,1.5,1
FR,France,2021-Q2,0.7979993766063981,19.520484340393136,34.42499415681365,17,1.7666666666666666
FR,France,2021-Q3,0.672078565566275,21.138957762946255,34.256063023716656,4.7,2.2
FR,France,2021-Q4,0.6352508227535411,21.27294634728666,34.0819434804208,5.2,3.3333333333333335
FR,France,2022-Q1,0.5718241049572309,21.281684597853523,35.128666926836175,4.7,4.2
FR,France,2022-Q2,0.516842734360769,22.62474206606878,35.82891378443297,3.9,5.9
FR,France,2022-Q3,0.586382907024056,22.817123443857014,35.1361839516631,1.4,6.533333333333333
FR,France,2022-Q4,0.886073645758602,23.172782062227622,35.094781896197134,1.3,6.966666666666667
FR,France,2023-Q1,0.99954551513532,21.587540438575182,35.98864683390745,1.4,7
FR,France,2023-Q2,1.248943137566401,21.123366925354468,36.30516677585702,2,6.066666666666666
FR,France,2023-Q3,1.276118576565883,21.020345747598913,35.241785973313725,1.9,5.5
FR,France,2023-Q4,1.114715983710846,20.858794224919663,35.11711098244756,2,4.166666666666666
FR,France,2024-Q1,1.465358516477789,19.090258387084518,36.01451846619466,2.1,3
FR,France,2024-Q2,1.6253172058969712,20.09365872255723,35.50040118890397,1.4,2.5
FR,France,2024-Q3,1.247425536822422,26.205943366865004,36.23992208274608,1.4,2.1
FR,France,2024-Q4,1.527458792291537,21.55863747881529,36.11030193666942,0.9,1.7
FR,France,2025-Q1,1.644366345014313,33.277242559338234,42.47229285542108,0.8,1.2
FR,France,2025-Q2,1.5671433573835551,31.867534165225653,34.44585626853617,0.8,0.8
FR,France,2025-Q3,1.480960461584319,32.345055496992316,34.41747686111379,0.8,0.9333333333333333
FR,France,2025-Q4,1.47169792578141,32.341995636031925,34.12339644675805,1.1,0.7666666666666667
FR,France,2026-Q1,0.900978228981,24.355638928302,34.399041880020995,0.8,1.1666666666666667
HR,Croatia,2015-Q4,6.6065532,31.794913,36.6066503,1.7,-0.4
HR,Croatia,2016-Q1,4.1996545,28.271287499999996,36.818137,4.5,-0.5666666666666667
HR,Croatia,2016-Q2,2.7887334999999998,24.455858499999998,35.9306595,3.1,-1.1
HR,Croatia,2016-Q3,,,34.303394399999995,1.9,-1.1
HR,Croatia,2016-Q4,,,37.2687837,4.8,0.19999999999999998
HR,Croatia,2017-Q1,,20.18,37.62,2.3,1.1333333333333333
HR,Croatia,2017-Q2,8.36,24.170000000000005,36.96,3.4,1.1666666666666667
HR,Croatia,2017-Q3,6.612425600000001,19.4363824,38.1179139,4.1,1.4333333333333333
HR,Croatia,2017-Q4,7.037529900761576,21.43954270844639,38.32451413287827,3.1,1.5
HR,Croatia,2018-Q1,7.668349000000001,24.4618052,38.708733,2.1,1.1
HR,Croatia,2018-Q2,3.88270897,25.32421441,39.01960273,3.8,1.8
HR,Croatia,2018-Q3,3.0373171,19.0606333,38.4608137,2.8,1.9666666666666668
HR,Croatia,2018-Q4,,17.2608404,38.2409344,2.9,1.3333333333333333
HR,Croatia,2019-Q1,3.3436222,,38.6359025,4.7,0.8333333333333334
HR,Croatia,2019-Q2,5.25223431750715,,38.6338384407287,3.3,0.7666666666666667
HR,Croatia,2019-Q3,3.02251146,,39.02956822,2.8,0.7
HR,Croatia,2019-Q4,2.950084302919489,,39.163688601984845,2,0.9
HR,Croatia,2020-Q1,2.953454802927821,,39.33415994437966,-1.4,1.1666666666666667
HR,Croatia,2020-Q2,2.27086332,,39.77353365,-15.6,-0.4
HR,Croatia,2020-Q3,1.98098641,,40.578978049999996,-11.1,-0.43333333333333335
HR,Croatia,2020-Q4,1.644315364928201,,40.48650148424125,-3.5,-0.16666666666666666
HR,Croatia,2021-Q1,,,40.77228943,3.5,0.7666666666666667
HR,Croatia,2021-Q2,1.015169429474413,,40.73618370661738,19.7,2.2333333333333334
HR,Croatia,2021-Q3,0.9038700982885679,,40.8339248089342,16.1,3.1
HR,Croatia,2021-Q4,0.407186996527234,,41.32107387086379,10.7,4.6
HR,Croatia,2022-Q1,0.5075825018028329,,41.34274096427967,7.9,6.366666666666666
HR,Croatia,2022-Q2,0.38059786918448,,41.66830060253392,9.4,10.799999999999999
HR,Croatia,2022-Q3,,,34.477196174858896,8.2,12.633333333333333
HR,Croatia,2022-Q4,,,41.84548240506762,3.7,12.799999999999999
HR,Croatia,2023-Q1,0.5729410326794421,45.14652644536659,41.41603359539136,2.6,11.566666666666666
HR,Croatia,2023-Q2,,,38.82313074538694,3.7,8.5
HR,Croatia,2023-Q3,0.46469459523963697,,41.53632268487958,2.9,7.933333333333334
HR,Croatia,2023-Q4,0.24569633034785798,,41.62399658218176,5.7,5.866666666666667
HR,Croatia,2024-Q1,0.213190769116377,,41.72272124894663,4.2,4.833333333333333
HR,Croatia,2024-Q2,0.296319257408633,,42.06197869884983,3.3,4.166666666666667
HR,Croatia,2024-Q3,0.588061424205176,,42.11270852925121,4.4,3.1333333333333333
HR,Croatia,2024-Q4,0.619561169568469,,42.53202859844093,3.4,4.033333333333333
HR,Croatia,2025-Q1,0.6437101073884259,,38.62214632657397,3.9,4.7
HR,Croatia,2025-Q2,0.577182876923302,,38.56394785715144,3.5,4.233333333333333
HR,Croatia,2025-Q3,0.365413475565817,,38.587809235294515,2.9,4.566666666666666
HR,Croatia,2025-Q4,0.43957179046328804,,38.77888648729253,3.5,4.033333333333333
HR,Croatia,2026-Q1,0.38446815451300004,34.900858315244,38.451501705263006,2.4,4.033333333333333
HU,Hungary,2015-Q4,0.7695708,32.1154413,38.563919,3.6,0.6
HU,Hungary,2016-Q1,0.6835299,35.2070304,38.7448067,1.7,0.3666666666666667
HU,Hungary,2016-Q2,0.8656732,31.374983299999997,38.464126900000004,2.9,0.033333333333333326
HU,Hungary,2016-Q3,1.0867928,,40.2535023,2.6,0.09999999999999998
HU,Hungary,2016-Q4,1.0225656,,40.2765992,2.4,1.3333333333333335
HU,Hungary,2017-Q1,1.34,,41.099999999999994,3.9,2.6666666666666665
HU,Hungary,2017-Q2,0.939999999999999,36.45000000000001,40.13000000000001,3.9,2.1333333333333333
HU,Hungary,2017-Q3,0.8159906,36.4754595,39.8999149,4.3,2.466666666666667
HU,Hungary,2017-Q4,0.386584615245915,43.41352860096991,39.83006467614318,4.9,2.3333333333333335
HU,Hungary,2018-Q1,0.3767756,27.7530903,41.438999700000004,5.7,2
HU,Hungary,2018-Q2,0.24308365,42.24889029,41.06468159,5.4,2.8333333333333335
HU,Hungary,2018-Q3,0.3012414,44.945482,41.9311384,6,3.5
HU,Hungary,2018-Q4,0.5776533,54.4145268,41.2736626,5.6,3.3
HU,Hungary,2019-Q1,0.7865812,,41.351065999999996,5.7,3.2666666666666666
HU,Hungary,2019-Q2,1.2569262168434898,47.4956390425347,41.9154420046849,5.1,3.7666666666666666
HU,Hungary,2019-Q3,1.23015289,54.73302744,42.066950920000004,5,3.1333333333333333
HU,Hungary,2019-Q4,0.7648952884963001,57.28285998761613,42.003105529296896,4.5,3.5
HU,Hungary,2020-Q1,0.504432656810509,,42.5511503666963,2.1,4.333333333333334
HU,Hungary,2020-Q2,0.65066273,62.791739410000005,42.3555532,-13,2.533333333333333
HU,Hungary,2020-Q3,1.6350273,63.9864541,42.59979423,-4.1,3.7666666666666666
HU,Hungary,2020-Q4,2.000792587376469,67.763341450175,42.560872552035725,-3,2.8666666666666667
HU,Hungary,2021-Q1,2.1413728499999998,63.05201453,42.93479066,-1.5,3.3666666666666667
HU,Hungary,2021-Q2,1.9695848324795528,57.30471796379414,43.46905715086958,17.7,5.266666666666667
HU,Hungary,2021-Q3,1.0982732855425579,33.5077393234508,42.83146370113146,6.6,5.033333333333333
HU,Hungary,2021-Q4,0.686345919846588,34.62192109537401,37.56538013782528,7.4,7.166666666666667
HU,Hungary,2022-Q1,0.8643694368293421,37.52502349226617,37.74095492962812,7.3,8.3
HU,Hungary,2022-Q2,0.44477912915860396,,43.400665645475826,6,11
HU,Hungary,2022-Q3,0.47528757495636,47.70641584284943,33.8919165519422,3.5,18
HU,Hungary,2022-Q4,0.570763298360977,35.4987230016069,35.54993568810502,0.1,23.333333333333332
HU,Hungary,2023-Q1,0.5374705182759479,28.477315749961978,42.64480022306279,-1.5,25.866666666666667
HU,Hungary,2023-Q2,0.355130938879321,19.501547580843294,41.743565035428745,-2.3,22.066666666666666
HU,Hungary,2023-Q3,0.402073804392673,19.82986910667572,42.10995404470956,0.1,14.633333333333333
HU,Hungary,2023-Q4,0.7834415586529311,33.244219406289524,41.0919600090114,1,7.6
HU,Hungary,2024-Q1,0.765022200024963,37.1640544037559,40.4968810504741,1.6,3.6333333333333333
HU,Hungary,2024-Q2,0.86216484719344,25.54404222573111,39.63399246543845,1.4,3.7
HU,Hungary,2024-Q3,0.8011105741710209,24.846256650854905,39.94754266467646,-0.2,3.5
HU,Hungary,2024-Q4,0.710046003458107,26.262464495828276,39.2930048036089,0.1,4.033333333333333
HU,Hungary,2025-Q1,0.556891695748118,26.158019895825728,37.67477088008851,-0.3,5.4
HU,Hungary,2025-Q2,0.407213922087809,28.105151420899645,38.7738808254626,0.4,4.433333333333334
HU,Hungary,2025-Q3,0.5440837216161,29.128063584600618,38.02805173478926,0.9,4.233333333333333
HU,Hungary,2025-Q4,0.47179037119505707,29.696092187473166,38.24562598397075,0.8,3.7333333333333334
HU,Hungary,2026-Q1,0.5349252853259999,33.110575575978004,36.386069748894,1.7,2
IE,Ireland,2015-Q4,2.9183151,11.1956209,39.0835202,24.7,0
IE,Ireland,2016-Q1,3.6092502,12.8076623,38.4776083,-1.6,-0.26666666666666666
IE,Ireland,2016-Q2,3.1101232999999997,12.2579433,39.088383300000004,0.2,-0.1
IE,Ireland,2016-Q3,2.1362931,18.8596517,36.1904101,-2.1,-0.2
IE,Ireland,2016-Q4,2.1851945,17.393134699999997,35.3998445,8.3,-0.26666666666666666
IE,Ireland,2017-Q1,2.63,18.2,35.72,7.7,0.36666666666666664
IE,Ireland,2017-Q2,2.63,16.74,36,9.4,0.033333333333333326
IE,Ireland,2017-Q3,1.6140926,20.0152206,35.2565975,15.7,0.13333333333333333
IE,Ireland,2017-Q4,1.995864069594756,25.86528317877905,34.06217018650572,7.8,0.5
IE,Ireland,2018-Q1,1.7085236,30.9968914,36.0320453,11.4,0.5
IE,Ireland,2018-Q2,1.53233431,30.28153708,34.9580203,10.8,0.4333333333333333
IE,Ireland,2018-Q3,2.2205119,32.5832971,34.2019351,6.1,1.0333333333333332
IE,Ireland,2018-Q4,2.8392958,17.9550466,34.7333285,3.2,0.9
IE,Ireland,2019-Q1,2.3064925,13.7020819,35.5476291,3.4,0.8666666666666667
IE,Ireland,2019-Q2,4.41108726640199,46.2203567785772,34.3685937007915,4.4,1.2666666666666666
IE,Ireland,2019-Q3,3.91145984,47.209484870000004,33.880424260000005,5.7,0.5666666666666667
IE,Ireland,2019-Q4,3.82073152175653,57.03361547315108,31.18806696536639,6.2,0.8333333333333334
IE,Ireland,2020-Q1,3.419511448071023,58.63712453307477,33.032201077114195,9.3,0.8333333333333334
IE,Ireland,2020-Q2,1.8288116600000002,19.54976437,32.04119158,1.9,-0.5666666666666667
IE,Ireland,2020-Q3,1.82935993,20.971631509999998,30.31081674,11.9,-0.9666666666666667
IE,Ireland,2020-Q4,1.88057847814853,24.7037024572902,31.280468008546247,5.9,-1.1666666666666667
IE,Ireland,2021-Q1,2.81032953,21.7935983,28.702317360000002,13.1,-0.13333333333333336
IE,Ireland,2021-Q2,2.066212773253052,16.352934215219868,28.28423581443994,22.9,1.5333333333333334
IE,Ireland,2021-Q3,2.6065427301050472,23.04442974352156,27.562927732017638,14.1,3
IE,Ireland,2021-Q4,1.989251940415495,17.066782517491003,28.257139186630692,15.7,5.4
IE,Ireland,2022-Q1,1.974304208541092,14.258054937742132,27.895789429532403,7.6,5.866666666666667
IE,Ireland,2022-Q2,1.977676020565523,13.299652108899057,27.461606414434687,8.2,8.4
IE,Ireland,2022-Q3,2.361576346114748,11.783287217679229,26.25287743353853,7.9,9.066666666666666
IE,Ireland,2022-Q4,2.9611895705628553,17.64627453938647,26.76629540571322,9.5,8.866666666666667
IE,Ireland,2023-Q1,2.10177249118949,26.334555589900155,26.12465146738769,0.9,7.533333333333333
IE,Ireland,2023-Q2,2.185057741877844,25.179202466344776,24.99986666609225,-1.7,5.5
IE,Ireland,2023-Q3,1.328695105408504,32.453792280531026,25.118318130317945,-4.8,4.833333333333333
IE,Ireland,2023-Q4,0.9377503698396241,20.318332545907644,24.78202008307371,-7.8,3.1
IE,Ireland,2024-Q1,1.492359270140589,26.2851445522854,24.21395238627617,-0.7,2.2333333333333334
IE,Ireland,2024-Q2,1.352563139898983,21.304980329951984,23.980685362590936,-1.4,1.7
IE,Ireland,2024-Q3,0.907322751211843,32.301052219281445,25.706566338058025,4.9,0.8666666666666667
IE,Ireland,2024-Q4,0.677618463285917,36.9942369319476,26.01769385879375,12.1,0.5333333333333333
IE,Ireland,2025-Q1,0.882303559382684,21.018788272198087,25.804754993789707,16.8,1.6333333333333333
IE,Ireland,2025-Q2,0.49424435638013897,31.696444585119103,26.654483000371666,11.7,1.6666666666666667
IE,Ireland,2025-Q3,0.661203929146195,,26.71201290142861,5.2,2.066666666666667
IE,Ireland,2025-Q4,0.579837655507219,22.676433022086982,28.20278653978454,-0.2,2.8666666666666667
IE,Ireland,2026-Q1,0.628403210182,19.739606557384,28.85805697616,-13.2,2.8666666666666667
IT,Italy,2015-Q4,3.5711488,30.271420300000003,38.158926,1.3,0.16666666666666666
IT,Italy,2016-Q1,2.1502491,19.0705236,38.1642508,1.1,0
IT,Italy,2016-Q2,1.9929632,18.0427942,38.0707758,1,-0.3
IT,Italy,2016-Q3,1.7700824,18.136381500000002,37.6460579,1.7,-0.06666666666666667
IT,Italy,2016-Q4,1.8769259999999999,19.4592568,38.578251,1.6,0.16666666666666669
IT,Italy,2017-Q1,3.2300000000000004,30.659999999999997,38.56,1.9,1.3333333333333333
IT,Italy,2017-Q2,4.55,35.97,37.51,2,1.6
IT,Italy,2017-Q3,5.8783688000000005,38.5539291,37.1842069,1.4,1.3
IT,Italy,2017-Q4,6.903441664230464,39.89473460533174,37.300569529427,1.6,1.0666666666666667
IT,Italy,2018-Q1,6.573292899999999,41.9266071,37.1461884,1,0.8666666666666667
IT,Italy,2018-Q2,6.46705291,42.871977449999996,37.40422259,0.8,1
IT,Italy,2018-Q3,5.3159369,41.317433799999996,40.002506,0.6,1.6666666666666667
IT,Italy,2018-Q4,5.3740267,44.604297700000004,36.946292,0.3,1.5
IT,Italy,2019-Q1,5.4865428000000005,41.0272291,36.835157800000005,0.7,1.0333333333333334
IT,Italy,2019-Q2,4.38788455774839,45.4331441731741,38.446052384946796,0.8,0.9333333333333333
IT,Italy,2019-Q3,3.16156686,41.40739255,38.24318658,0.4,0.3333333333333333
IT,Italy,2019-Q4,1.3779841395418668,29.73361502829666,38.527746715665565,-0.2,0.3
IT,Italy,2020-Q1,1.1779605746493549,27.3735323491616,38.39100188728017,-6.1,0.23333333333333334
IT,Italy,2020-Q2,1.0092053,25.50672891,38.23475567,-18.1,-0.2
IT,Italy,2020-Q3,0.84582337,26.15958424,37.56688065,-6,-0.2333333333333333
IT,Italy,2020-Q4,0.687563353855371,27.98349481609293,37.06469391934491,-5.5,-0.39999999999999997
IT,Italy,2021-Q1,0.57792666,27.0669262,36.739649009999994,1.8,0.7666666666666666
IT,Italy,2021-Q2,0.488731280083206,28.21806252490424,37.090394968307734,19.3,1.1666666666666667
IT,Italy,2021-Q3,0.59622159388982,25.115489229231564,36.403554380142076,7,2.1333333333333333
IT,Italy,2021-Q4,0.669689167257327,24.37162107827943,36.053348194881536,8.4,3.7666666666666666
IT,Italy,2022-Q1,0.604704491532065,26.681856601092086,35.93691862979353,7.4,6.033333333333333
IT,Italy,2022-Q2,0.602691815451894,25.841122184522114,35.79440610621122,6.4,7.366666666666666
IT,Italy,2022-Q3,0.567333606691088,26.08413065903002,35.83238299119124,4.1,8.966666666666667
IT,Italy,2022-Q4,0.710980426505481,25.49592743604204,35.68072339401672,2.2,12.5
IT,Italy,2023-Q1,0.8365700375671901,22.734817298375688,36.04466512773145,2.1,9.533333333333333
IT,Italy,2023-Q2,0.86970849952753,23.02390602794377,35.93342865682576,0.5,7.766666666666667
IT,Italy,2023-Q3,0.9009658664477119,23.176943368534655,35.330847642070864,0.5,5.8
IT,Italy,2023-Q4,0.772767441918492,23.99538602034239,34.30298198915649,1.1,0.9666666666666667
IT,Italy,2024-Q1,0.77517685629835,24.67307851277023,35.360077973295134,0.6,0.9666666666666667
IT,Italy,2024-Q2,0.9052108256431389,24.633740377791856,35.733803303235014,0.7,0.8666666666666667
IT,Italy,2024-Q3,1.045117717266863,22.828523095178788,36.11117792395383,0.6,1.1666666666666667
IT,Italy,2024-Q4,1.186409411078195,23.2506878643626,36.17209849665841,0.4,1.3
IT,Italy,2025-Q1,1.104490491367081,23.92020258749847,37.686094213991126,0.7,1.8333333333333333
IT,Italy,2025-Q2,1.020849346686521,25.227422975052544,37.48226801976302,0.5,1.8333333333333333
IT,Italy,2025-Q3,0.913786300752184,26.97721062792251,36.92650658991225,0.7,1.7
IT,Italy,2025-Q4,0.652157447972964,32.056180200115776,37.078313114158604,0.8,1.2
IT,Italy,2026-Q1,0.8571297200989999,35.737848454037,37.152083016866996,0.8,1.3666666666666667
LT,Lithuania,2015-Q4,3.6110728,30.8763997,42.1343149,3.1,-0.3666666666666667
LT,Lithuania,2016-Q1,3.3927357999999996,33.6136131,42.056765899999995,2.1,0.6666666666666666
LT,Lithuania,2016-Q2,2.8816132000000003,30.9859986,42.1719389,2.1,0.4666666666666667
LT,Lithuania,2016-Q3,2.4961532,30.2641286,42.1124279,2.4,0.36666666666666664
LT,Lithuania,2016-Q4,2.1021502,29.584039,41.7256151,3.8,1.2666666666666666
LT,Lithuania,2017-Q1,1.5599999999999998,28.26,41.99,5.2,2.966666666666667
LT,Lithuania,2017-Q2,0.8999999999999999,27.390000000000004,41.959999999999994,4.9,3.4
LT,Lithuania,2017-Q3,,,41.9503026,4.3,4.433333333333333
LT,Lithuania,2017-Q4,,,41.18670710762553,4.4,4.066666666666666
LT,Lithuania,2018-Q1,0.0977248,21.0090298,41.7181134,4.5,3.1
LT,Lithuania,2018-Q2,0.13803192,11.72663124,41.8349175,5.3,2.566666666666667
LT,Lithuania,2018-Q3,0.1843054,11.7149331,41.699884399999995,4.6,2.1666666666666665
LT,Lithuania,2018-Q4,,,41.8152317,5,2.333333333333333
LT,Lithuania,2019-Q1,0.2530428,,41.687723500000004,4.8,2.066666666666667
LT,Lithuania,2019-Q2,,,41.725225945382796,4.9,2.533333333333333
LT,Lithuania,2019-Q3,0.12911045999999998,,41.596309139999995,4.8,2.3333333333333335
LT,Lithuania,2019-Q4,0.298054890022374,,41.66862732860731,4.4,1.9666666666666668
LT,Lithuania,2020-Q1,,,41.734931750288474,2.7,2.5
LT,Lithuania,2020-Q2,1.66846423,,41.49915676,-4.2,0.6666666666666667
LT,Lithuania,2020-Q3,,,41.23901123,1.4,0.9
LT,Lithuania,2020-Q4,2.538622013594875,71.06183891862253,41.557712561257866,0.3,0.26666666666666666
LT,Lithuania,2021-Q1,,,41.69621439,3,0.7333333333333334
LT,Lithuania,2021-Q2,2.109751202589464,69.86043935330794,41.21804102248688,10.1,3.1333333333333333
LT,Lithuania,2021-Q3,2.6662776379517887,70.24194582085485,41.46433832413867,5.8,5.233333333333333
LT,Lithuania,2021-Q4,,,41.66438525941392,6.8,9.4
LT,Lithuania,2022-Q1,,,41.76819609629203,5.4,13.966666666666667
LT,Lithuania,2022-Q2,,,41.756744037481205,2.6,18.533333333333335
LT,Lithuania,2022-Q3,,,41.55019208276068,1.8,21.5
LT,Lithuania,2022-Q4,0.47480464687467705,53.095379068040614,41.73329314597623,0.1,21.166666666666668
LT,Lithuania,2023-Q1,0.26026039940908097,35.67964239165089,41.73908130327498,-1.1,16.966666666666665
LT,Lithuania,2023-Q2,,,40.55411987976034,1.9,10.733333333333333
LT,Lithuania,2023-Q3,0.191722576914838,17.64114750489128,41.73252808866979,1.1,5.9
LT,Lithuania,2023-Q4,0.262413641336191,,42.14384841676116,1.3,2.3333333333333335
LT,Lithuania,2024-Q1,0.198488932964298,17.617326894906224,42.20848222443529,3.1,0.8666666666666667
LT,Lithuania,2024-Q2,0.213126429820778,,42.36592799442945,1.9,0.7666666666666667
LT,Lithuania,2024-Q3,0.136183376285184,29.584318943213578,42.31892259850728,3,0.7666666666666667
LT,Lithuania,2024-Q4,0.08790566284103553,22.708080548497083,42.357884615310034,4,1.0333333333333332
LT,Lithuania,2025-Q1,0.195974422370024,,36.012764966790925,2.9,3.4333333333333336
LT,Lithuania,2025-Q2,,,35.995660027392226,3.2,3.2666666666666666
LT,Lithuania,2025-Q3,,,35.93875523191267,2.2,3.566666666666667
LT,Lithuania,2025-Q4,0.159860759266573,,36.00136906722376,3.3,3.5
LT,Lithuania,2026-Q1,0.106177771409,48.644147829272995,36.112569024992,2.8,3.5
LU,Luxembourg,2015-Q4,0.59917,84.4516081,32.2091138,-0.3,0.39999999999999997
LU,Luxembourg,2016-Q1,0.7534293,19.454639800000002,32.450157000000004,3.7,-0.13333333333333333
LU,Luxembourg,2016-Q2,1.3770109000000001,14.665804800000002,32.6734382,4.5,-0.5333333333333333
LU,Luxembourg,2016-Q3,1.6029281,14.387184699999999,31.432719199999998,5.7,-0.10000000000000002
LU,Luxembourg,2016-Q4,1.6649916,24.1760805,31.6688928,6.1,0.9666666666666667
LU,Luxembourg,2017-Q1,1.639999999999999,24.12,32.37,1.5,2.566666666666667
LU,Luxembourg,2017-Q2,0.58,25.230000000000004,32.52,1,2
LU,Luxembourg,2017-Q3,0.6439115,26.7100723,32.1062435,1.3,2.033333333333333
LU,Luxembourg,2017-Q4,0.783804490678153,31.28006401507482,31.707639158743373,1.6,1.8666666666666667
LU,Luxembourg,2018-Q1,0.7541054,21.7684293,31.0726143,2.9,1.1666666666666667
LU,Luxembourg,2018-Q2,0.65659585,13.07963519,30.840926829999997,1.6,1.9333333333333333
LU,Luxembourg,2018-Q3,0.699496,10.072528,31.2658785,1.2,2.533333333333333
LU,Luxembourg,2018-Q4,0.4831284,3.034212,32.3431921,1,2.433333333333333
LU,Luxembourg,2019-Q1,0.36187749999999996,16.2026182,33.0251291,1.5,2.033333333333333
LU,Luxembourg,2019-Q2,0.23663362666517,13.932882821665702,33.2766190618772,3.4,1.9666666666666668
LU,Luxembourg,2019-Q3,0.26921049,11.3608708,33.43590921,3.1,1.3666666666666667
LU,Luxembourg,2019-Q4,0.416182746852154,5.241165032162732,34.28867779550612,3.1,1.2
LU,Luxembourg,2020-Q1,0.508339708326693,5.052993339949663,33.90524793342595,2.1,1.5333333333333334
LU,Luxembourg,2020-Q2,0.42755796999999995,9.540901999999999,33.38061563,-6.4,-0.9333333333333333
LU,Luxembourg,2020-Q3,0.95752315,12.712260969999999,31.970913290000002,1.1,-0.13333333333333333
LU,Luxembourg,2020-Q4,1.054557302065798,24.081605103425844,33.48507052833071,1.3,-0.4666666666666667
LU,Luxembourg,2021-Q1,0.66545537,7.0336519200000005,31.29596318,5.1,1.0333333333333334
LU,Luxembourg,2021-Q2,0.7831665165054991,7.764106037730045,30.81476534715896,12.6,3.5666666666666664
LU,Luxembourg,2021-Q3,0.5372797897787169,11.68914051191917,29.964309698071695,4.6,3.6
LU,Luxembourg,2021-Q4,0.46754971320937005,10.021990775704543,30.1044533548746,5.9,5.666666666666667
LU,Luxembourg,2022-Q1,0.5348081536335689,6.382659509751478,31.116786948318115,0.3,6.766666666666667
LU,Luxembourg,2022-Q2,0.49063628887659405,7.978606654100623,31.375190657919976,-0.2,9.466666666666667
LU,Luxembourg,2022-Q3,0.5080072390273981,12.41645514557211,30.965663581507552,-0.7,8.9
LU,Luxembourg,2022-Q4,0.337838225121869,17.815387418699817,30.940400893304748,-3.7,7.433333333333334
LU,Luxembourg,2023-Q1,0.304409317599821,16.197987255805398,31.096139086278825,-0.7,4.5
LU,Luxembourg,2023-Q2,0.772551321001009,13.082675720181614,30.64622891330687,0.4,1.9000000000000001
LU,Luxembourg,2023-Q3,1.003062182124495,10.28408804699735,30.712539099751456,0.6,2.966666666666667
LU,Luxembourg,2023-Q4,1.506637139769625,12.92352225735238,30.17092340761375,0,2.466666666666667
LU,Luxembourg,2024-Q1,1.163090318462182,9.502740312173076,30.241279397890775,2.4,3.1333333333333333
LU,Luxembourg,2024-Q2,1.279923618586221,9.734318799108628,30.864134050138258,0.8,3
LU,Luxembourg,2024-Q3,1.107808435341149,21.143153649201196,30.676595330842044,-2.2,1.7333333333333334
LU,Luxembourg,2024-Q4,1.1759428142646209,13.38397208630526,31.01658140821814,0.4,1.2000000000000002
LU,Luxembourg,2025-Q1,0.879181457326441,20.46648771437699,32.90270631969109,-2.2,1.9333333333333333
LU,Luxembourg,2025-Q2,0.8610728609990139,23.078902367653132,33.14020720833135,-0.5,2.0666666666666664
LU,Luxembourg,2025-Q3,0.771701586848571,20.397997669789426,32.59214139338726,3.2,2.8333333333333335
LU,Luxembourg,2025-Q4,1.186936908487334,21.6136616634731,33.14238219827653,2.1,3.3
LU,Luxembourg,2026-Q1,1.593492120659,18.335248195321,32.224354325673,1.6,2.4
LV,Latvia,2015-Q4,2.3019197,20.9295077,41.9118607,3.9,0.1
LV,Latvia,2016-Q1,1.8770075000000002,22.752025,41.8275616,3.8,-0.5
LV,Latvia,2016-Q2,1.6873815,27.007444200000002,41.8477332,2.8,-0.7
LV,Latvia,2016-Q3,1.447486,34.6550171,41.77404,1.2,0.16666666666666669
LV,Latvia,2016-Q4,0.6395267,36.7813225,41.9037305,2.6,1.4666666666666668
LV,Latvia,2017-Q1,1.26,78.6,42.21,2.6,3.1333333333333333
LV,Latvia,2017-Q2,1.54,72.24,41.89,2.8,3.033333333333333
LV,Latvia,2017-Q3,1.4671052,69.4160828,42.2713559,3.8,2.9333333333333336
LV,Latvia,2017-Q4,1.8433969843493052,59.27791027831714,42.443716353161406,3.4,2.5333333333333337
LV,Latvia,2018-Q1,,,42.0545491,3.5,2.033333333333333
LV,Latvia,2018-Q2,1.06198772,14.834482399999999,42.09129119,4.5,2.4
LV,Latvia,2018-Q3,,,42.208429800000005,4.1,2.933333333333333
LV,Latvia,2018-Q4,,32.7246883,42.4620672,4.2,2.8666666666666667
LV,Latvia,2019-Q1,0.2860796,,42.406366299999995,2.8,2.8
LV,Latvia,2019-Q2,1.35449802640128,12.418363409204899,42.4589245885538,1.1,3.3
LV,Latvia,2019-Q3,,,42.71067001,0.9,2.8
LV,Latvia,2019-Q4,,,42.62837375899146,-0.6,2.1
LV,Latvia,2020-Q1,,,42.82392749824575,-0.9,1.9666666666666666
LV,Latvia,2020-Q2,2.6819687500000002,16.63637791,42.06731724,-10.4,-0.7000000000000001
LV,Latvia,2020-Q3,4.67651178,17.647426929999998,41.629702359999996,-1.4,-0.26666666666666666
LV,Latvia,2020-Q4,11.640340019484952,,41.71804516778407,-0.3,-0.6333333333333333
LV,Latvia,2021-Q1,7.986017250000001,21.34875296,41.694801590000004,0.4,-0.13333333333333333
LV,Latvia,2021-Q2,6.770025219117354,,41.71379378288741,12.4,2.3333333333333335
LV,Latvia,2021-Q3,,,41.71785810476196,7.6,3.7
LV,Latvia,2021-Q4,3.9030491096183244,,41.64870509827438,7,7.1000000000000005
LV,Latvia,2022-Q1,,,41.54811438541636,6.4,9.266666666666667
LV,Latvia,2022-Q2,,,41.66296679619102,5,16.366666666666667
LV,Latvia,2022-Q3,,,40.016927413763504,-0.8,21.566666666666666
LV,Latvia,2022-Q4,,,42.356801472347854,-0.6,21.366666666666667
LV,Latvia,2023-Q1,,,41.75970673119353,-0.1,19.566666666666666
LV,Latvia,2023-Q2,,,41.442626545819586,-1,11.8
LV,Latvia,2023-Q3,,,41.37874676317849,-1.3,5.266666666666667
LV,Latvia,2023-Q4,0.218945749077234,,41.48878078991861,-2,1.4333333333333333
LV,Latvia,2024-Q1,,,41.76600328389391,-2.1,0.9
LV,Latvia,2024-Q2,,,41.450602552964064,-0.3,0.8666666666666667
LV,Latvia,2024-Q3,,,40.88488023526175,0.2,1.1
LV,Latvia,2024-Q4,0.424592564002178,23.980719853838146,41.31419828255981,1.2,2.6
LV,Latvia,2025-Q1,,,34.48868259596526,1.9,3.4333333333333336
LV,Latvia,2025-Q2,,,34.421787838079645,1.7,3.8666666666666667
LV,Latvia,2025-Q3,,,34.88051486228455,2.3,4.1
LV,Latvia,2025-Q4,,,34.970111365336805,2.6,3.833333333333333
LV,Latvia,2026-Q1,0.230025839516,2.3446375194830003,36.240389911405,2.5,2.9
MT,Malta,2015-Q4,13.3672808,,25.563196599999998,8.7,1.4000000000000001
MT,Malta,2016-Q1,8.227247,,30.3079156,4.9,0.9333333333333333
MT,Malta,2016-Q2,15.267038999999999,11.7187727,29.6743643,3.5,0.9333333333333333
MT,Malta,2016-Q3,33.272259399999996,9.9376095,31.2737575,4.2,0.9333333333333333
MT,Malta,2016-Q4,67.4092016,19.2974965,32.8048419,3.8,0.7666666666666667
MT,Malta,2017-Q1,53.510000000000005,14.41,33.97,12.9,1.2666666666666666
MT,Malta,2017-Q2,,,33.74,13,1.0666666666666667
MT,Malta,2017-Q3,3.5189740999999994,,35.486935800000005,13,1.2
MT,Malta,2017-Q4,,,33.87938397211952,12.9,1.4333333333333333
MT,Malta,2018-Q1,,,23.9933761,4.9,1.2666666666666666
MT,Malta,2018-Q2,0.00227582,53.12987632,25.31638645,7.5,1.7
MT,Malta,2018-Q3,12.3600744,23.2419844,26.077558200000002,8.7,2.3333333333333335
MT,Malta,2018-Q4,,,23.844025799999997,7.5,1.5666666666666667
MT,Malta,2019-Q1,7.0299856,43.2863471,23.0462387,5.8,1.2
MT,Malta,2019-Q2,11.702442889370799,9.477149885823511,24.3053124773196,4.8,1.7333333333333334
MT,Malta,2019-Q3,4.9212142,,24.04891258,2.8,1.7666666666666666
MT,Malta,2019-Q4,29.424362525022268,22.94493656935945,21.912888951317182,3.3,1.3333333333333333
MT,Malta,2020-Q1,4.379200564280976,,24.069933667106376,6.2,1.2333333333333334
MT,Malta,2020-Q2,15.990283499999999,48.63389426,25.20411934,-9.4,1
MT,Malta,2020-Q3,56.88032408,51.0206919,24.73345105,-6.5,0.6333333333333333
MT,Malta,2020-Q4,8.785904109285072,21.77668587100764,24.96875855423478,-3.8,0.3333333333333333
MT,Malta,2021-Q1,,,23.26820002,1.4,0.13333333333333333
MT,Malta,2021-Q2,0.05612130573894329,,20.73676730027529,17.7,0.16666666666666669
MT,Malta,2021-Q3,20.39056771261881,,20.18695048826155,18.7,0.4666666666666667
MT,Malta,2021-Q4,0,,21.087334356371752,16.3,2.1333333333333333
MT,Malta,2022-Q1,,,20.957003163868123,3.4,4.266666666666667
MT,Malta,2022-Q2,,,22.051530339178534,4.1,5.766666666666667
MT,Malta,2022-Q3,,,21.62791452874485,0.7,7.066666666666666
MT,Malta,2022-Q4,,,20.075779807134158,2.5,7.3
MT,Malta,2023-Q1,,,20.075658070575162,10.1,6.966666666666667
MT,Malta,2023-Q2,,,19.773793621816722,11,6.3
MT,Malta,2023-Q3,,,19.22111914650571,11.4,5.166666666666667
MT,Malta,2023-Q4,0.292181761877518,,22.414186203458282,10.1,3.9333333333333336
MT,Malta,2024-Q1,,,22.797358481900766,8.9,3.1333333333333333
MT,Malta,2024-Q2,,,21.062558302562937,8.1,2.3
MT,Malta,2024-Q3,0,,22.835920112913705,5.3,2.2666666666666666
MT,Malta,2024-Q4,,,20.24511055284897,2.8,2.1
MT,Malta,2025-Q1,3.8296140033033526,,24.513678842140273,3.7,1.9666666666666668
MT,Malta,2025-Q2,,,25.354386590336315,2.3,2.6
MT,Malta,2025-Q3,,,25.70061450504952,3.6,2.533333333333333
MT,Malta,2025-Q4,,,25.860072086714492,4.9,2.466666666666667
MT,Malta,2026-Q1,,,31.210211966098,4.3,2.3
NL,Netherlands,2015-Q4,2.3149584,18.3115992,31.4543839,1.5,0.43333333333333335
NL,Netherlands,2016-Q1,1.809484,21.7650249,30.4595881,1.8,0.3333333333333333
NL,Netherlands,2016-Q2,1.495694,22.2091094,30.8552002,2.1,-0.2
NL,Netherlands,2016-Q3,1.6166072999999999,20.1426616,28.4566382,2.6,-0.2
NL,Netherlands,2016-Q4,1.54705,17.9897581,27.8849589,3.2,0.4666666666666667
NL,Netherlands,2017-Q1,1.8399999999999999,16.71,28.07,3.1,1.3
NL,Netherlands,2017-Q2,2.049999999999999,13.19,27.57,2.8,1.0333333333333332
NL,Netherlands,2017-Q3,2.0153319,9.7754904,27.4246523,2.7,1.4666666666666666
NL,Netherlands,2017-Q4,2.3224918258401903,8.545365761899124,25.783553806288012,2.5,1.3333333333333333
NL,Netherlands,2018-Q1,2.4869358,7.352486799999999,28.9633871,2.6,1.2666666666666666
NL,Netherlands,2018-Q2,2.05701184,8.91452038,29.03340077,2.6,1.5333333333333332
NL,Netherlands,2018-Q3,1.9446796999999998,11.0284146,26.9713198,2.1,1.8
NL,Netherlands,2018-Q4,1.7000505,12.428581,26.684977399999998,1.7,1.8333333333333333
NL,Netherlands,2019-Q1,1.7066868,13.4267519,26.7678574,2.3,2.5
NL,Netherlands,2019-Q2,1.74394413093727,16.2748859254714,27.258691876595098,2.2,2.6666666666666665
NL,Netherlands,2019-Q3,1.83903058,14.69116586,27.379360740000003,2.5,2.8000000000000003
NL,Netherlands,2019-Q4,1.733584369437022,15.564873499202218,26.127492825988067,2.2,2.7333333333333334
NL,Netherlands,2020-Q1,1.682277991053984,14.594070212227022,27.2961280324582,-0.1,1.3666666666666667
NL,Netherlands,2020-Q2,1.8487493899999998,13.415440740000001,26.816524539999996,-8.8,1.2666666666666666
NL,Netherlands,2020-Q3,1.58441813,13.4323204,27.11860195,-3.3,0.9666666666666667
NL,Netherlands,2020-Q4,1.540470036299713,14.087775804328926,27.06177778783155,-3.1,0.9333333333333333
NL,Netherlands,2021-Q1,1.7708045,13.3074854,26.10294875,-1,1.8
NL,Netherlands,2021-Q2,1.285530466857405,12.256302802939443,26.89562259930145,12.2,1.8
NL,Netherlands,2021-Q3,1.15127522963199,12.226030427818172,26.98152415741511,7.2,2.3666666666666667
NL,Netherlands,2021-Q4,0.886914275678474,10.486036939362656,26.712534117015224,6.9,5.333333333333334
NL,Netherlands,2022-Q1,0.8472258257172399,11.15869912331014,26.895238648856324,7.2,8.866666666666667
NL,Netherlands,2022-Q2,0.716365181675442,11.212305688293197,27.539450076290713,5.6,10.433333333333334
NL,Netherlands,2022-Q3,0.7354396692959551,13.106655706018572,26.882564356491596,3.8,14.133333333333333
NL,Netherlands,2022-Q4,0.8402819674446079,14.401324147761807,26.831761395413068,3.6,13.033333333333333
NL,Netherlands,2023-Q1,1.097780447148919,11.785357380925573,26.373357213920823,1.8,7.266666666666667
NL,Netherlands,2023-Q2,1.346654820427564,11.371927821987619,26.58926606252154,-1,6.333333333333333
NL,Netherlands,2023-Q3,1.537601554877708,12.071040959641302,27.308914815855722,-1.7,2.8
NL,Netherlands,2023-Q4,1.514878931521397,10.78325324385992,27.002798778395743,-1.3,0.4666666666666667
NL,Netherlands,2024-Q1,1.350013519090353,10.920140675904008,27.488014910080082,-0.6,2.966666666666667
NL,Netherlands,2024-Q2,1.272766274024938,13.399600906199598,27.43426766086852,0.7,2.9
NL,Netherlands,2024-Q3,1.487123325817578,12.454307173953543,27.594234124200064,2,3.3666666666666667
NL,Netherlands,2024-Q4,1.260336140867143,14.469338032115973,27.624641172200608,2.1,3.6666666666666665
NL,Netherlands,2025-Q1,2.028786243301996,15.887223097498463,29.272771869627555,2,3.3
NL,Netherlands,2025-Q2,2.1405804387781178,14.1409970332711,29.68805132144227,1.5,3.2333333333333334
NL,Netherlands,2025-Q3,1.39252506601542,11.611023623876576,29.28371765224459,1.3,2.6333333333333333
NL,Netherlands,2025-Q4,1.253148973901478,12.031270815451837,29.827986612689905,1.4,2.7666666666666666
NL,Netherlands,2026-Q1,1.211540977129,12.615678585142001,30.187725495138,1.4,2.3666666666666667
NO,Norway,2015-Q4,0.9503634000000001,11.8259265,28.7895505,1.1,2.5
NO,Norway,2016-Q1,1.2547872999999998,5.6263502,27.3927481,1,3.3333333333333335
NO,Norway,2016-Q2,1.4015079,6.7192091,27.1245825,1,3.7666666666666666
NO,Norway,2016-Q3,1.5338452,8.5306813,26.7384656,-0.6,4.533333333333333
NO,Norway,2016-Q4,1.4524151,9.0195739,26.4723325,2.5,3.933333333333333
NO,Norway,2017-Q1,1.5699999999999998,10.54,25.06,2.5,2.7
NO,Norway,2017-Q2,1.51,10.489999999999998,26.780000000000005,3.6,2.1333333333333333
NO,Norway,2017-Q3,1.5561655,14.4075845,26.6978017,5.1,1.4333333333333333
NO,Norway,2017-Q4,1.446576842223405,13.27851120670289,26.612287789823842,1.4,1.1666666666666667
NO,Norway,2018-Q1,1.8554543,11.7370957,26.5068248,1.9,2.033333333333333
NO,Norway,2018-Q2,1.86085198,16.01020302,26.73279777,0.7,2.533333333333333
NO,Norway,2018-Q3,1.6316746,18.9248665,26.3040283,0.9,3.7333333333333334
NO,Norway,2018-Q4,1.468285,23.391284900000002,25.8060966,1.5,3.7666666666666666
NO,Norway,2019-Q1,0.8302155,22.465870600000002,26.6977327,1,3.4
NO,Norway,2019-Q2,1.00944056792012,25.412538399671604,26.5600258686458,0.9,2.7
NO,Norway,2019-Q3,0.61382131,14.59798014,26.364249410000003,0.3,1.6
NO,Norway,2019-Q4,1.219537035531426,20.027771416565948,26.72269046401974,3.5,1.4666666666666666
NO,Norway,2020-Q1,1.274166675296945,22.019659611279078,27.131288891257928,0.1,0.9666666666666667
NO,Norway,2020-Q2,1.15909415,23.59011499,27.144435950000002,-3.3,1
NO,Norway,2020-Q3,1.70069385,25.349590309999996,26.98811303,-0.3,1.4666666666666666
NO,Norway,2020-Q4,1.6093235741576088,24.37614425226856,47.65457203051921,-3.6,1.1666666666666665
NO,Norway,2021-Q1,1.5280716300000001,25.997351860000002,26.276734289999997,0.9,3.2333333333333334
NO,Norway,2021-Q2,1.0340759469675191,30.64993960199967,26.842985678887228,4.7,3
NO,Norway,2021-Q3,1.091765162215961,,26.94513496070417,5.2,3.9666666666666663
NO,Norway,2021-Q4,1.320511375884624,,27.059667996913404,6.1,5.3
NO,Norway,2022-Q1,0.215553353786574,,26.977316299269866,4.6,3.7666666666666666
NO,Norway,2022-Q2,1.735117047740537,28.631558876221508,26.777833385946977,5.6,6.366666666666667
NO,Norway,2022-Q3,2.06142862452151,24.762595080101335,26.687025060397374,3.4,7.366666666666666
NO,Norway,2022-Q4,2.595650939141513,26.546347281188513,26.228074313491078,2.6,7.333333333333333
NO,Norway,2023-Q1,2.968726105893767,27.690095747966037,26.598896272079532,2.8,7.5
NO,Norway,2023-Q2,2.709941767409855,25.82346265926757,26.846006446461985,0.6,6.966666666666667
NO,Norway,2023-Q3,2.500720747598523,24.95094509288879,26.774040691282686,-1.9,4.433333333333334
NO,Norway,2023-Q4,2.454023000925223,24.34042159119999,26.711837313144088,0.9,4.3
NO,Norway,2024-Q1,2.164997251067701,24.981174870751996,26.65559034919754,0.7,4.2
NO,Norway,2024-Q2,2.131146298459633,28.16927054287221,26.4791979703781,2.5,2.8
NO,Norway,2024-Q3,2.327335126133105,30.35874856867784,26.639177068511426,2.5,2.466666666666667
NO,Norway,2024-Q4,2.543044670240601,30.241065307107284,26.563616888288692,0.1,1.9333333333333333
NO,Norway,2025-Q1,2.452238369780792,30.797924075230636,29.367254359603713,0.3,2.5
NO,Norway,2025-Q2,2.5765130634241458,29.62607218202541,28.80739454585469,0.2,2.5
NO,Norway,2025-Q3,3.00727476068265,,28.626036161122485,2.3,3.4
NO,Norway,2025-Q4,1.9175561962545657,29.150294538877375,29.349784012355727,2,2.9
NO,Norway,2026-Q1,2.012728265802,,29.050876985726,2,3.2333333333333334
PL,Poland,2015-Q4,0.8977606000000001,29.5941336,33.3066761,4.4,-0.5
PL,Poland,2016-Q1,1.0097085000000001,28.484164899999996,33.5370529,2.5,-0.3
PL,Poland,2016-Q2,0.9394744,26.156506200000003,32.7880594,3.5,-0.43333333333333335
PL,Poland,2016-Q3,1.1084767,26.629033200000002,32.3988346,2.8,-0.43333333333333335
PL,Poland,2016-Q4,0.9802494,25.829119,31.5643838,4,0.4
PL,Poland,2017-Q1,0.9299999999999999,27.33,33.76,5.3,1.7
PL,Poland,2017-Q2,0.75,34.34,32.58,4.9,1.5333333333333334
PL,Poland,2017-Q3,1.1344966,36.694072500000004,32.7492094,5.8,1.4666666666666666
PL,Poland,2017-Q4,1.1473342336319,40.130087234967256,31.584444338462554,5.2,1.7666666666666666
PL,Poland,2018-Q1,1.099509,39.6325103,32.4250306,6,1
PL,Poland,2018-Q2,1.06528219,33.13294129,34.21127662,6.5,1.1666666666666665
PL,Poland,2018-Q3,0.9485059,34.0323451,33.9813141,6.3,1.4333333333333333
PL,Poland,2018-Q4,0.8594213999999999,33.7615479,32.5775415,5.8,1.1666666666666667
PL,Poland,2019-Q1,0.9542676,36.509507299999996,31.9691136,5.3,1.2
PL,Poland,2019-Q2,1.1170190631486001,27.3169204939482,33.0199636144968,4.7,2.2
PL,Poland,2019-Q3,1.14496751,27.64058954,33.46274912,4.2,2.5
PL,Poland,2019-Q4,1.523033760783889,26.62055571847984,37.12064241462789,4,2.5666666666666664
PL,Poland,2020-Q1,1.270645635268461,27.163616820648308,37.63581220765288,2.9,3.933333333333333
PL,Poland,2020-Q2,1.17104495,29.495309730000002,37.6493062,-7.1,3.3666666666666667
PL,Poland,2020-Q3,1.0185282199999999,31.098822939999998,37.13875984,-1.8,3.7333333333333334
PL,Poland,2020-Q4,0.8097493106859621,33.0343349858647,37.13176189845794,-2.4,3.6333333333333333
PL,Poland,2021-Q1,0.63231956,36.81786907,35.11606422,-0.5,3.8666666666666667
PL,Poland,2021-Q2,0.465714626616235,36.86106416205435,36.73473477678677,12,4.6
PL,Poland,2021-Q3,0.559745122619578,29.07130041547476,36.50058642682164,7.3,5.1
PL,Poland,2021-Q4,0.706997681314813,33.19117575086486,33.759761390577495,9.2,7.266666666666667
PL,Poland,2022-Q1,0.535712931961258,27.612770716121236,34.18361404633481,10.2,9
PL,Poland,2022-Q2,0.612680407541213,29.400268960945926,34.38050590707443,6.3,12.8
PL,Poland,2022-Q3,0.756405956058367,30.84374503237394,32.77143140978937,4.8,14.9
PL,Poland,2022-Q4,0.824805651734133,28.042679163518763,33.497704739973486,1.1,15.933333333333334
PL,Poland,2023-Q1,1.243396815585988,24.941403693192004,33.15924424133177,-1.2,16.1
PL,Poland,2023-Q2,1.719034272631254,28.463467675793346,33.1492024873749,-0.7,12.5
PL,Poland,2023-Q3,1.291579781442139,27.439078985537673,32.26046289454524,0.7,9.166666666666668
PL,Poland,2023-Q4,1.5481556438166981,27.093495667375784,31.73457305232734,1.9,6.266666666666667
PL,Poland,2024-Q1,1.402789902400168,34.37558447190053,32.08833462991992,2,3.6333333333333333
PL,Poland,2024-Q2,1.494421224328718,31.487955749058326,31.581519248840607,4.2,2.9
PL,Poland,2024-Q3,2.348092589484452,,32.606831661336514,2.2,4.066666666666666
PL,Poland,2024-Q4,2.249826505264183,25.87506723178603,32.7127461200644,4,4
PL,Poland,2025-Q1,2.4635826820065843,24.988389634867357,33.22982394225112,3.7,4.333333333333333
PL,Poland,2025-Q2,2.208550162027715,24.317899104214863,33.180856446966246,2.9,3.533333333333333
PL,Poland,2025-Q3,1.457613727715275,29.821864811141975,33.83634164874405,4.1,2.8333333333333335
PL,Poland,2025-Q4,1.444535268462136,30.985508413146835,34.702532565755575,3.8,2.6666666666666665
PL,Poland,2026-Q1,1.6527134954770002,32.326972363647,35.000577334895,3.5,2.7333333333333334
PT,Portugal,2015-Q4,11.789904199999999,,39.5187729,1.3,0.5333333333333333
PT,Portugal,2016-Q1,9.4546119,13.7421482,39.7610117,1.1,0.4666666666666667
PT,Portugal,2016-Q2,6.539804,11.457629599999999,39.705807,1.5,0.5333333333333333
PT,Portugal,2016-Q3,6.8057694,17.3202844,39.468741,2.4,0.7333333333333333
PT,Portugal,2016-Q4,5.8812239,20.534740300000003,40.166219600000005,3.1,0.8333333333333334
PT,Portugal,2017-Q1,5.949999999999999,22.42,41.760000000000005,3.7,1.4333333333333333
PT,Portugal,2017-Q2,4.37,25.480000000000004,42.22999999999999,3.5,1.7
PT,Portugal,2017-Q3,2.8757270000000004,,40.740626,3.1,1.3
PT,Portugal,2017-Q4,3.1153315175873613,34.38900950274855,41.810653791560185,2.9,1.7666666666666666
PT,Portugal,2018-Q1,1.9882367,35.3698569,41.5753409,2.5,0.8666666666666667
PT,Portugal,2018-Q2,2.12709649,33.36977077,41.15098689,3.2,1.2333333333333334
PT,Portugal,2018-Q3,2.7613597,38.4198235,40.5464478,3.2,1.7666666666666668
PT,Portugal,2018-Q4,2.7427595,36.605026099999996,41.573533000000005,2.9,0.7666666666666667
PT,Portugal,2019-Q1,2.4062644,37.4360476,41.4506005,3.1,0.7666666666666667
PT,Portugal,2019-Q2,2.04579740554773,41.8850981281344,41.3417698288369,2.7,0.6333333333333333
PT,Portugal,2019-Q3,1.8050297,28.03939405,41.29002749,2.4,-0.36666666666666664
PT,Portugal,2019-Q4,1.598081846186942,23.035883316334985,41.017929480514155,2.7,0.16666666666666669
PT,Portugal,2020-Q1,2.234728284490983,25.045765526016172,41.07959140759446,-2.4,0.4666666666666667
PT,Portugal,2020-Q2,2.31898434,24.61715185,41.28744976,-17.6,-0.16666666666666666
PT,Portugal,2020-Q3,1.73167857,31.299266510000002,39.46133362,-6.1,-0.3666666666666667
PT,Portugal,2020-Q4,1.5414826667781811,34.86924500350714,39.80284873809005,-6.7,-0.43333333333333335
PT,Portugal,2021-Q1,0.95265043,37.0708022,39.959758709999996,-5.4,0.2
PT,Portugal,2021-Q2,0.869702357096068,36.7223249369997,40.197715696597406,16.5,-0.06666666666666665
PT,Portugal,2021-Q3,1.02144903744811,38.13190734035147,40.07358139673898,5.5,1.2333333333333334
PT,Portugal,2021-Q4,2.061574771680386,32.61992979575937,40.2148366072681,7.2,2.4
PT,Portugal,2022-Q1,2.1965981634171827,31.96171067070685,39.464113100895446,12.1,4.433333333333334
PT,Portugal,2022-Q2,2.436753419434076,33.35334227867159,40.71414255938864,7.5,8.166666666666666
PT,Portugal,2022-Q3,2.519778036422525,30.052330688959138,40.59819289785095,5,9.5
PT,Portugal,2022-Q4,1.588222586592608,34.31639681688175,41.10793822316967,3.8,10.2
PT,Portugal,2023-Q1,2.777706464990267,42.777196026683015,41.81759639142772,3.6,8.4
PT,Portugal,2023-Q2,5.187166123616123,47.29736216058779,41.18973426376003,3.7,5.666666666666667
PT,Portugal,2023-Q3,5.152755259125347,50.490092056713166,40.45825517192575,2.6,4.8
PT,Portugal,2023-Q4,6.088735193997578,52.60768406272952,40.006357188305344,2.6,2.4333333333333336
PT,Portugal,2024-Q1,0.723865399775365,26.364027103171832,40.25413275377125,2.1,2.466666666666667
PT,Portugal,2024-Q2,0.575907507512718,33.94336022056842,40.3448709556458,2.1,3.0666666666666664
PT,Portugal,2024-Q3,0.570117317305569,33.062065471674664,41.27020571906685,2.1,2.3666666666666667
PT,Portugal,2024-Q4,0.670929396012676,26.6459835886779,41.25240030447069,2.6,2.8000000000000003
PT,Portugal,2025-Q1,4.774373054199203,51.88264029109821,39.61775110391873,1.6,2.3666666666666667
PT,Portugal,2025-Q2,3.412025124793779,50.48274890415685,38.953375178178675,1.7,1.9666666666666668
PT,Portugal,2025-Q3,2.497174957212081,45.66914031226706,38.43459442530398,2.2,2.3
PT,Portugal,2025-Q4,1.485963070467061,38.77810780032875,37.133274821697015,1.9,2.1666666666666665
PT,Portugal,2026-Q1,1.4758605402540002,39.531582500158,34.943578860788,2.3,2.2333333333333334
RO,Romania,2015-Q4,2.1289305,9.8940499,40.2894177,2.1,-1
RO,Romania,2016-Q1,2.3200458999999998,11.0519856,40.2604743,3.5,-2
RO,Romania,2016-Q2,2.2923912,12.560497100000001,39.8647876,2.2,-2.1
RO,Romania,2016-Q3,1.8237544,16.281305200000002,38.8182442,2.6,-0.03333333333333334
RO,Romania,2016-Q4,2.2484369,,38.675500400000004,3.1,-0.06666666666666667
RO,Romania,2017-Q1,1.11,24.21,38.85,5.3,0.4
RO,Romania,2017-Q2,1.28,,38.440000000000005,8.5,0.6
RO,Romania,2017-Q3,,,38.2398004,9.7,0.9333333333333333
RO,Romania,2017-Q4,,,38.131044153336404,9.3,2.4
RO,Romania,2018-Q1,1.3148814,45.739043,38.0278244,5.8,3.7333333333333334
RO,Romania,2018-Q2,0.92214458,,38.78666876,4.8,4.533333333333333
RO,Romania,2018-Q3,,,38.669882900000005,5.8,4.566666666666666
RO,Romania,2018-Q4,,,37.912374799999995,5.2,3.466666666666667
RO,Romania,2019-Q1,0.765309,,38.705152399999996,4.1,3.8000000000000003
RO,Romania,2019-Q2,1.34480721420726,36.8120182263272,39.0927023877832,4.5,4.233333333333333
RO,Romania,2019-Q3,1.2207758000000002,43.117619950000005,39.05530439,2.4,3.9
RO,Romania,2019-Q4,1.136066012147727,,40.11931236656582,4.9,3.6666666666666665
RO,Romania,2020-Q1,3.4756478378699036,,40.192485490666776,2.1,3.1666666666666665
RO,Romania,2020-Q2,2.92912549,72.34427153,40.83546175,-8.5,2.1
RO,Romania,2020-Q3,3.06530615,,40.39389792,-5.4,2.3666666666666667
RO,Romania,2020-Q4,3.5684863669165874,,40.95025131314965,-2.5,1.7666666666666666
RO,Romania,2021-Q1,1.17351863,,40.94472253,1.3,2.3333333333333335
RO,Romania,2021-Q2,1.275035129178729,42.21954415653631,40.93660037160584,11.5,3.1333333333333333
RO,Romania,2021-Q3,0.971033414825249,45.16190161253124,40.408493371963274,7.7,4.333333333333333
RO,Romania,2021-Q4,0.392257217381065,71.1443517807576,41.01887121064623,2.5,6.633333333333334
RO,Romania,2022-Q1,0.479308756145706,57.0544643561543,42.62868373235799,4.4,8.233333333333334
RO,Romania,2022-Q2,0.501679316831532,,42.45797413354534,3.6,12.366666666666667
RO,Romania,2022-Q3,0.537704238087187,48.83005851754724,38.81493115249598,3.8,13.233333333333334
RO,Romania,2022-Q4,0.48314432637056204,,42.050122670373696,5,14.066666666666666
RO,Romania,2023-Q1,0.491726459155616,51.63925083979558,42.36259280942341,1.6,13
RO,Romania,2023-Q2,0.556941179216322,53.94260469561885,43.12214642878091,2.4,9.766666666666667
RO,Romania,2023-Q3,0.587602950556578,57.60564843530087,43.4370744403112,2.9,9.133333333333333
RO,Romania,2023-Q4,0.632103994085334,61.913284297832135,43.17954789638409,2.2,7.4
RO,Romania,2024-Q1,0.573483624311206,54.90615025749507,43.19783409032604,2.1,7.033333333333333
RO,Romania,2024-Q2,0.671110194821414,52.12401103070724,43.1123545860901,0.6,5.766666666666667
RO,Romania,2024-Q3,0.598643404404158,53.772572198007765,42.42529400273165,0.3,5.3
RO,Romania,2024-Q4,0.989164943539129,37.07682095995265,42.00134792622558,0.8,5.3
RO,Romania,2025-Q1,0.332182066495657,34.371038194316114,36.37626605206976,0.7,5.2
RO,Romania,2025-Q2,0.468709783468409,48.573821963460176,36.86924116714695,2.1,5.366666666666667
RO,Romania,2025-Q3,0.642992322678118,49.2497005201651,36.788103883393354,1.4,7.8999999999999995
RO,Romania,2025-Q4,0.557574830407097,47.63543463312104,37.0290842741998,-1.4,8.533333333333333
RO,Romania,2026-Q1,0.499572034491,48.329013502461,32.382214233833004,-1.1,8.6
SE,Sweden,2015-Q4,0.30335039999999996,14.074731600000002,28.0564651,4.7,0.8
SE,Sweden,2016-Q1,0.33440980000000003,6.474374500000001,26.0967555,2.9,1.1
SE,Sweden,2016-Q2,0.3415904,6.455383100000001,26.3784238,1.5,1
SE,Sweden,2016-Q3,0.32121089999999997,10.6913426,25.9960731,1.8,1.0333333333333334
SE,Sweden,2016-Q4,0.2572627,18.439267,25.7299956,1.4,1.3666666666666667
SE,Sweden,2017-Q1,0.18,18.47,24.59,2.7,1.5999999999999999
SE,Sweden,2017-Q2,0.22,19.16,25.420000000000005,1.9,1.8666666666666667
SE,Sweden,2017-Q3,0.1815035,17.4254002,29.1117372,2,2.2333333333333334
SE,Sweden,2017-Q4,0.17670518731758,14.844501432141158,25.081952948305954,2,1.7666666666666666
SE,Sweden,2018-Q1,0.21546030000000002,20.4265234,25.485507400000003,1.7,1.7333333333333334
SE,Sweden,2018-Q2,0.21441301999999998,16.30541113,25.62174044,2,1.9666666666666668
SE,Sweden,2018-Q3,0.1912307,16.0047462,25.161011700000003,1.5,2.2666666666666666
SE,Sweden,2018-Q4,0.1676422,20.1694181,23.750343700000002,2.3,2.2333333333333334
SE,Sweden,2019-Q1,0.1396809,24.5028699,25.243626400000004,2,1.9
SE,Sweden,2019-Q2,0.208401036411167,21.9139312569875,25.0040884855277,2.8,1.9333333333333333
SE,Sweden,2019-Q3,0.38883104,25.778779810000003,24.97175799,2.6,1.3666666666666667
SE,Sweden,2019-Q4,0.33248300355293,28.695389771684454,24.760026995309993,3,1.7
SE,Sweden,2020-Q1,0.367016081166677,27.57224777024695,24.889773608316975,2.8,1.2
SE,Sweden,2020-Q2,0.39957546,35.8237311,24.75431171,-7.5,0.26666666666666666
SE,Sweden,2020-Q3,0.28579634,33.72949526,24.80745661,-1.7,0.7666666666666666
SE,Sweden,2020-Q4,0.254774308181726,30.81747814249864,24.54565934290437,-2,0.4
SE,Sweden,2021-Q1,0.20454268000000003,35.097318,24.19234583,0.6,1.9333333333333333
SE,Sweden,2021-Q2,0.114128942764929,21.05021910813592,24.423809769461485,10.7,2.333333333333333
SE,Sweden,2021-Q3,0.10951955480948601,18.66752975644121,24.695706993234623,4.2,2.4333333333333336
SE,Sweden,2021-Q4,0.06506373472856378,17.774551010122373,24.889271360927772,5,3.9
SE,Sweden,2022-Q1,0.128811833588162,20.254807072537943,25.17363566575398,1.7,4.866666666666667
SE,Sweden,2022-Q2,0.26131390476852,15.363051118707677,25.559758470832417,2.4,7.666666666666667
SE,Sweden,2022-Q3,0.291707876430072,12.42664835240145,24.925221700536376,2.2,9.366666666666667
SE,Sweden,2022-Q4,0.315713538646253,11.083994615444164,24.741180601398106,-1,10.233333333333334
SE,Sweden,2023-Q1,0.312011471891875,8.015039400038109,24.42966569742918,0.8,9.133333333333333
SE,Sweden,2023-Q2,0.208978892791976,12.272975535092465,24.451197623247282,-1.3,6.9
SE,Sweden,2023-Q3,0.282654723835531,20.367201073897494,25.4034246654205,0.7,4.833333333333333
SE,Sweden,2023-Q4,0.547324310477614,18.69132160499293,25.105222401194876,0.1,3.0666666666666664
SE,Sweden,2024-Q1,0.6347440864349599,19.401512584208046,25.368906221964604,1.9,2.7666666666666666
SE,Sweden,2024-Q2,0.827163585572337,16.904877437218104,25.132671178424598,1.4,2.1
SE,Sweden,2024-Q3,1.2550633650573981,12.125479393253396,25.13738543471128,0.7,1.4
SE,Sweden,2024-Q4,1.152824802097572,12.354737632730533,25.13424645175742,3.7,1.7333333333333334
SE,Sweden,2025-Q1,0.9679237624010539,13.344063017154479,26.286510637380246,0.2,2.3
SE,Sweden,2025-Q2,1.1288684041005659,11.519277947550325,26.917113139352182,2.7,2.433333333333333
SE,Sweden,2025-Q3,0.8895225594641479,12.394128535467422,26.82950638903396,2.3,3.2333333333333334
SE,Sweden,2025-Q4,0.9472216225226741,11.839414062335859,26.454782340819072,1.9,2.466666666666667
SE,Sweden,2026-Q1,1.191965335831,9.374475302698999,26.387854680521,2.2,1.7333333333333334
SI,Slovenia,2015-Q4,0.31680369999999997,,36.448038,2.2,-0.8666666666666667
SI,Slovenia,2016-Q1,0.49458779999999997,,36.4471679,3,-0.8666666666666667
SI,Slovenia,2016-Q2,0.554053,,36.525600600000004,3,-0.39999999999999997
SI,Slovenia,2016-Q3,0.3353701,,36.1206976,3.2,-0.033333333333333326
SI,Slovenia,2016-Q4,,3.297804,35.701537300000005,3.8,0.6666666666666666
SI,Slovenia,2017-Q1,0.32,3.54,37.980000000000004,4.6,2
SI,Slovenia,2017-Q2,3.94,10.14,37.76,5,1.3666666666666667
SI,Slovenia,2017-Q3,2.0612657999999997,26.9894902,40.4473246,5,1.3333333333333333
SI,Slovenia,2017-Q4,1.940529517968277,32.64206856950657,40.687923793088,6.3,1.5333333333333332
SI,Slovenia,2018-Q1,1.9327211,,41.2569585,4.5,1.5333333333333332
SI,Slovenia,2018-Q2,1.03481874,49.728393430000004,41.22848932,4.6,2.1333333333333333
SI,Slovenia,2018-Q3,0.7509384,26.374471999999997,40.287869799999996,5,2.1
SI,Slovenia,2018-Q4,1.0554322999999999,38.4619092,40.4974905,3.7,1.9333333333333333
SI,Slovenia,2019-Q1,1.1784833,,39.896469499999995,4.8,1.3666666666666667
SI,Slovenia,2019-Q2,1.47939923309983,,40.3622084528635,3.2,1.7666666666666666
SI,Slovenia,2019-Q3,0.82011337,,40.60311547,3.1,2.033333333333333
SI,Slovenia,2019-Q4,0.859654426157778,,29.9068211502174,2.6,1.6333333333333333
SI,Slovenia,2020-Q1,0.933266334192246,,40.08793263254579,-1.1,1.6666666666666665
SI,Slovenia,2020-Q2,0.69000341,28.992996129999998,40.08660906,-10.9,-1.1666666666666667
SI,Slovenia,2020-Q3,1.5648314900000002,62.86417538,40.396817569999996,-1.7,-0.5666666666666667
SI,Slovenia,2020-Q4,1.266664172692224,,40.18196733116369,-4,-0.9333333333333333
SI,Slovenia,2021-Q1,1.18342548,,40.50266414,2.6,-0.6333333333333334
SI,Slovenia,2021-Q2,4.378542697795676,,39.83061470851547,15.3,2.033333333333333
SI,Slovenia,2021-Q3,0.164729146915471,,40.154235736516455,6.1,2.2666666666666666
SI,Slovenia,2021-Q4,0.09894980170592732,,38.74186396837929,9.9,4.5
SI,Slovenia,2022-Q1,0.020650674741657993,,39.96506483850277,5.1,6.333333333333333
SI,Slovenia,2022-Q2,0.037481898199934624,,40.61200374402583,4.6,8.966666666666667
SI,Slovenia,2022-Q3,,,38.311100747556196,1.6,11.266666666666666
SI,Slovenia,2022-Q4,,,40.417342514210446,0.9,10.633333333333335
SI,Slovenia,2023-Q1,,,40.93700778385673,1.9,9.9
SI,Slovenia,2023-Q2,,,40.57970846768806,2.6,7.966666666666666
SI,Slovenia,2023-Q3,0.133048550352998,,40.17971069334929,2.8,6.3
SI,Slovenia,2023-Q4,0.09462495616446837,,40.42709126248177,3,4.966666666666667
SI,Slovenia,2024-Q1,0.128834902931222,,41.23425025374847,3.2,3.4
SI,Slovenia,2024-Q2,0.102075738588071,,41.271762661656844,1.1,2.3666666666666667
SI,Slovenia,2024-Q3,0.287131296840064,,40.681091934285966,1.3,1.0666666666666667
SI,Slovenia,2024-Q4,0.399425784561597,,40.81212955024771,1.2,1.2
SI,Slovenia,2025-Q1,1.7072052297166889,33.527252409840656,36.344773142455296,-0.5,2.1333333333333333
SI,Slovenia,2025-Q2,1.8397832263166412,33.499971134871096,35.962383858275466,0.8,2.2333333333333334
SI,Slovenia,2025-Q3,2.055945987756084,29.097867283187185,35.9537309167242,1.7,2.8666666666666667
SI,Slovenia,2025-Q4,1.377829947540628,33.45457687862067,35.2849844086212,1.7,2.7
SI,Slovenia,2026-Q1,,,34.590924266057996,3.5,2.533333333333333
SK,Slovakia,2015-Q4,4.1415726,39.7054817,41.6665517,5.1,-0.4666666666666667
SK,Slovakia,2016-Q1,4.0320222,37.4387091,42.499401199999994,3.1,-0.4666666666666667
SK,Slovakia,2016-Q2,3.1479690999999996,22.296521,41.4761957,2.1,-0.6
SK,Slovakia,2016-Q3,3.6655495000000005,21.748867399999998,40.8820955,1.3,-0.7333333333333334
SK,Slovakia,2016-Q4,2.2955389999999998,28.985849,41.0333173,1.2,-0.1
SK,Slovakia,2017-Q1,2.56,49.370000000000005,40.42,2,1
SK,Slovakia,2017-Q2,3.02,52.57000000000001,33.62,2.6,0.9666666666666667
SK,Slovakia,2017-Q3,2.079092,61.0733573,40.224064999999996,3.1,1.6333333333333333
SK,Slovakia,2017-Q4,1.975780866922881,67.62334198590294,39.94239140405185,3.8,1.9666666666666668
SK,Slovakia,2018-Q1,2.1341117,70.55945030000001,39.964903400000004,4,2.4333333333333336
SK,Slovakia,2018-Q2,2.1569228700000003,74.88070241,39.745216570000004,4.2,2.8666666666666667
SK,Slovakia,2018-Q3,1.8027575,80.18020030000001,40.0769083,4.4,2.7333333333333334
SK,Slovakia,2018-Q4,2.1207988,80.00926779999999,40.1250169,3.6,2.1333333333333333
SK,Slovakia,2019-Q1,1.9302688,80.9874964,32.2923889,3.3,2.4
SK,Slovakia,2019-Q2,1.96333869496994,81.151648531679,32.1487127634116,2.3,2.6
SK,Slovakia,2019-Q3,2.15564175,80.10323138999999,40.06394201,1.7,3
SK,Slovakia,2019-Q4,2.138805252476008,77.71993990824453,40.35283784138457,1.8,3.1
SK,Slovakia,2020-Q1,2.3866563545095048,78.484858571887,40.64550142470979,-1.1,2.9
SK,Slovakia,2020-Q2,2.36764764,75.67046431,40.612971599999995,-9,2
SK,Slovakia,2020-Q3,2.29504566,76.11799815,40.40827626,-0.3,1.5333333333333332
SK,Slovakia,2020-Q4,2.239925000987561,76.03434904511597,40.40033634483594,0,1.6
SK,Slovakia,2021-Q1,2.31032194,71.4533711,40.6230863,3.4,1.0333333333333332
SK,Slovakia,2021-Q2,1.4971379470163009,66.36776816473086,39.306712206964924,13.2,2.0666666666666664
SK,Slovakia,2021-Q3,1.452876246404149,54.62067698112894,39.32599998723685,3.6,3.4
SK,Slovakia,2021-Q4,1.137419990348056,49.98081770120862,38.570912282327114,3.1,4.766666666666667
SK,Slovakia,2022-Q1,0.609563463219519,32.08891837905784,38.68741888892047,1.8,8.533333333333333
SK,Slovakia,2022-Q2,0.549863819323945,32.34443061956219,38.367110660780575,0.4,11.766666666666667
SK,Slovakia,2022-Q3,0.345159815936299,44.84347887580297,34.87020333968366,0,13.266666666666667
SK,Slovakia,2022-Q4,0.356675861918286,,38.1338473413797,0.1,14.866666666666667
SK,Slovakia,2023-Q1,0.294242517901999,35.83181136597158,38.522734611667055,0.9,15.1
SK,Slovakia,2023-Q2,0.256102265747462,33.493598332025734,40.446430798671464,2.1,12.533333333333333
SK,Slovakia,2023-Q3,0.35139338317068103,33.802364663865525,39.00569539058939,2.7,9.633333333333333
SK,Slovakia,2023-Q4,0.386592987725534,33.01365555014929,37.158134076474944,2.8,7.1
SK,Slovakia,2024-Q1,0.47739188931865,38.58258239298327,37.014238631852045,2.9,3.6333333333333333
SK,Slovakia,2024-Q2,0.665377507873192,37.99345391317434,36.97302438694953,2.2,2.466666666666667
SK,Slovakia,2024-Q3,0.6763918510845169,41.83808592081083,36.06370532229424,1.5,3.033333333333333
SK,Slovakia,2024-Q4,0.654700049068679,40.079550901942945,36.30084525122877,1.3,3.4333333333333336
SK,Slovakia,2025-Q1,0.553396588297546,41.20367763509073,37.53575272245191,0.8,4.166666666666667
SK,Slovakia,2025-Q2,0.502740383560385,47.8385854793364,37.56725389264114,0.7,4.266666666666667
SK,Slovakia,2025-Q3,0.398757568737513,34.914628712102136,37.645002074027076,0.9,4.533333333333333
SK,Slovakia,2025-Q4,0.576360595341794,47.888863789159295,37.61130428127574,0.8,3.9666666666666663
SK,Slovakia,2026-Q1,0.5293122046459999,44.606174499487,35.985188015197004,0.9,4
